,Component_1,Component_2,Component_3,Component_4,label
0,5.4977493,4.0566444,9.238402,3.8138528,4
1,3.1347976,3.6396978,10.175092,2.4221244,5
2,4.140319,3.3477836,8.551789,3.6692224,9
3,5.4396877,4.379867,9.285794,3.8703284,6
4,5.223124,3.0969746,9.557095,2.3173041,6
5,4.594229,5.3460045,8.810947,3.4502168,10
6,4.160935,4.9164906,9.285811,1.8655704,9
7,4.7386765,2.6443107,10.371342,3.7914772,8
8,4.1334534,3.549653,8.840189,4.0707307,3
9,4.8523903,5.02724,9.124093,4.089757,9
10,4.5286703,4.3083806,7.6045113,5.4836416,8
11,4.395881,4.3516126,7.3398666,5.5858393,6
12,3.8381279,3.9595897,9.963689,1.9034468,8
13,4.3512135,5.028934,8.5826435,2.736452,5
14,3.4863334,5.056287,9.203881,2.3820355,7
15,5.4913683,4.463336,9.269364,4.086288,3
16,4.7635612,4.8196554,9.265701,4.1951966,3
17,4.2542853,5.2705035,8.250393,3.8975072,3
18,5.0273566,3.2622879,9.977462,3.8793468,10
19,4.540784,1.2473075,9.1239605,3.1228714,8
20,3.1373773,0.5876596,9.28005,2.7731428,4
21,4.071269,4.442074,9.380262,1.7582824,6
22,4.2689137,5.0448403,8.090256,4.4755535,1
23,5.255852,4.2464786,9.699327,3.5415955,4
24,4.765167,3.0852728,9.530594,3.86298,2
25,3.4693415,3.797004,10.310915,2.0326242,4
26,4.675913,4.5832944,8.666464,3.6435008,3
27,4.727472,4.2794023,9.728344,2.9929068,10
28,4.048516,5.6130004,8.634946,3.4583793,8
29,3.1829019,3.6361597,10.385184,2.237801,7
30,5.3490467,5.3985887,10.632988,3.7093685,7
31,4.4749804,4.92417,8.916123,2.156883,4
32,4.6303396,3.0696337,9.550492,2.377279,4
33,3.31093,1.1369579,9.642331,2.4968922,5
34,5.0193257,5.4064956,10.181566,3.1973634,4
35,4.7141423,2.6989706,10.357608,3.077253,7
36,3.7062795,0.6677575,8.721348,3.1581328,3
37,3.0514708,0.61052203,9.139017,2.8538115,10
38,3.2597585,0.5944601,9.366157,2.793986,2
39,4.335186,3.766523,7.693285,5.2175007,4
40,4.812456,5.0190964,9.808812,3.0914862,7
41,3.3746097,0.907826,9.351424,2.9809675,5
42,3.4780195,0.6135056,8.926995,3.1602645,4
43,4.7477207,4.188722,7.998839,5.1118813,7
44,4.506877,4.445877,10.217386,3.0550547,10
45,3.881195,5.2562428,9.706146,2.3739114,4
46,3.6980307,4.138287,9.653565,3.0493603,3
47,4.563748,5.659887,9.369835,2.5638366,5
48,4.2922173,0.93261826,8.9939575,3.1023004,5
49,3.7444186,4.4906034,8.969866,1.9044156,4
50,4.2189636,3.7714076,8.133133,4.7881565,3
51,4.318093,4.426908,7.69888,5.1871276,1
52,4.4670367,3.8394732,7.666763,5.3063393,7
53,4.2304854,4.211505,9.172642,4.3856926,9
54,4.8831887,5.114817,8.916935,3.483462,8
55,3.0396364,3.8291607,10.279462,2.276751,6
56,3.2323542,0.7504321,9.716409,3.0529966,4
57,4.4484153,4.1077776,9.13488,1.9450796,5
58,4.4273076,4.344375,7.4664607,5.476971,1
59,4.0569324,4.5792327,9.395351,3.743043,4
60,4.059418,1.0786024,10.728626,1.9867249,7
61,3.4346893,0.76120025,9.422028,3.2290685,3
62,4.5301127,5.2846437,9.023271,3.0947971,4
63,5.5792193,4.7724304,9.321939,3.4407494,1
64,4.322548,4.1646028,7.7244086,5.2301626,4
65,4.2656255,3.8390317,8.987915,4.1423197,10
66,4.1289444,4.161998,9.490529,3.7093933,3
67,3.9467316,4.2631464,8.76768,3.5964453,4
68,4.71531,3.0307574,8.814895,3.6702418,4
69,4.313345,2.7125762,10.670755,3.0436301,1
70,5.5711727,3.5453012,8.300477,3.2629964,4
71,5.6617937,3.7600198,8.484993,2.890301,4
72,2.9520278,0.59383184,9.168211,2.7268698,4
73,5.5916467,4.243597,9.169044,3.8507717,4
74,4.2867274,3.6670833,7.8211536,5.1865764,8
75,3.3526247,4.708326,9.189901,2.4965222,10
76,3.561425,1.1772057,9.828006,2.917567,4
77,4.3834834,3.9159777,7.7297053,5.003261,8
78,3.9495842,2.4152672,10.114708,3.3135846,4
79,4.1640677,1.7759959,8.980561,3.1266305,1
80,5.230913,5.563166,10.321415,3.4328315,4
81,3.2947538,4.653423,9.58941,2.2519364,8
82,4.781504,4.867525,9.020515,4.223825,3
83,4.1153193,0.9376332,9.291531,2.8058648,3
84,4.8443437,4.3996925,9.138077,3.824799,3
85,4.3024693,3.4272382,8.089685,4.906201,8
86,3.5910964,0.56651103,9.134187,3.0831141,3
87,4.880178,4.3980255,9.174187,4.2385426,10
88,4.5135603,2.258267,10.837957,3.0079901,3
89,5.263589,5.044556,9.301465,3.7153943,3
90,5.5922675,3.9205687,8.257941,3.8973658,8
91,4.055012,4.7876773,8.006384,4.4559493,8
92,3.8967652,5.2101507,8.174867,3.2323496,8
93,2.9821186,0.9479994,8.782301,3.2161276,4
94,4.329701,8.740041,6.160132,-0.4193431,6
95,3.1476016,0.7739309,9.16156,3.2186294,5
96,4.1534233,2.927036,9.840391,3.313959,4
97,4.479748,3.7727115,9.428453,1.6545646,10
98,5.5158563,3.6390057,8.035783,4.1482434,4
99,5.0694447,4.0715013,8.876814,2.7688313,5
100,4.1145053,4.5140324,7.9768114,4.6037126,8
101,5.5449066,3.7866108,9.598785,3.2272274,8
102,5.4499116,4.1375866,9.624391,3.0200143,8
103,4.410645,4.3905883,7.3882546,5.5314517,4
104,5.4442377,4.313672,8.89084,4.2647657,7
105,4.5854616,4.979584,8.15154,3.3024945,4
106,4.2953353,5.486864,8.644602,3.5428064,4
107,5.014509,3.9293907,8.767775,2.0088983,4
108,5.543452,3.4306107,9.655045,2.8884652,8
109,4.571753,3.1973734,10.031206,3.1788018,4
110,5.7045546,4.29203,8.965484,4.0521884,1
111,4.567965,2.679327,10.321278,3.4123328,3
112,3.2364323,0.83391595,9.337736,3.0306823,6
113,4.418403,1.0849463,9.495376,2.7867243,2
114,4.3345227,8.749947,6.1507645,-0.4273591,8
115,4.3670754,3.6015844,7.661549,5.293874,8
116,4.416688,3.6589122,7.644513,5.315227,3
117,3.6472685,0.98414934,9.235361,3.4474819,8
118,4.4790144,3.8039138,9.945132,1.9356934,7
119,3.9765193,2.388582,10.022691,3.528382,4
120,4.6293726,5.283244,9.443303,2.524795,9
121,4.3170986,5.38906,8.6204195,3.170641,6
122,4.32213,5.2880297,8.784316,2.3872547,9
123,4.5979743,4.9483757,8.144914,3.548735,6
124,4.304517,4.563375,7.603305,5.1816816,4
125,4.873586,4.8887477,8.980459,4.1516123,8
126,4.7079,2.5249183,10.380894,3.5800347,4
127,4.3301353,8.741677,6.158917,-0.41924956,5
128,5.707056,3.9853117,8.753833,3.8085608,6
129,4.08039,3.723845,9.55207,3.803448,8
130,4.177026,4.128471,9.053068,4.443853,9
131,4.4820457,4.80615,9.76553,3.7149525,5
132,4.3568287,4.4195232,9.281324,1.8469924,10
133,4.2416716,4.602365,9.707601,3.6065388,4
134,4.2339706,1.2957575,8.868042,3.0494382,8
135,4.468564,3.5089366,8.550875,4.207808,6
136,3.9961941,4.6470723,8.249059,4.461824,10
137,4.402685,0.96479005,9.099985,3.0888402,8
138,4.428431,3.3976727,9.064632,4.016859,4
139,4.438646,4.482361,7.8130875,4.796104,4
140,4.389777,4.185988,7.819264,4.1802683,3
141,4.5564995,2.6897867,10.608856,3.183091,1
142,3.960326,4.9162183,8.042799,4.3438015,2
143,4.2939534,1.2191954,8.937102,3.084059,10
144,3.0852132,4.2024446,9.894711,2.318212,8
145,4.586316,4.0192122,7.9194217,5.1378803,10
146,4.2749987,5.0150447,9.239993,2.0312202,8
147,4.5429335,5.620833,9.457065,3.0267699,4
148,4.5562973,3.945425,9.050663,3.9739408,4
149,5.323095,3.0206025,9.133109,2.7458167,2
150,4.3836193,8.66546,6.231881,-0.35058546,8
151,4.1764417,5.528638,8.484043,3.5290892,4
152,4.781139,4.370004,9.311939,3.997438,1
153,5.365247,3.2102118,8.904819,3.2153432,5
154,4.3307714,3.7315328,7.706174,5.3103285,9
155,4.6404014,3.8897946,7.8867016,4.6464744,3
156,3.5638247,2.478802,10.259276,2.4396055,10
157,4.95994,3.2723055,9.471702,2.2855246,3
158,3.2309294,2.9817798,9.952762,2.496448,7
159,5.680317,3.65183,9.312181,3.2925136,5
160,3.1853137,0.7897775,9.345569,3.1906476,9
161,4.0421476,4.202389,8.679826,4.280665,10
162,4.5694633,3.9604642,8.862671,1.9774866,7
163,5.3822155,3.7859833,9.19778,4.046178,3
164,4.4218707,4.467476,7.6304073,5.314288,8
165,4.7348614,4.8174686,9.031387,3.9641283,10
166,4.0125294,3.776313,8.57324,2.7256773,1
167,4.675963,4.6020956,9.637655,1.8145512,9
168,4.788564,4.775672,9.035994,2.66079,9
169,5.3475614,5.2018814,10.344988,3.9997952,8
170,4.5913773,3.1586034,9.763453,2.1139536,10
171,3.2181084,2.9649026,10.20758,2.3845756,3
172,4.3916597,2.2457042,10.639592,2.7465937,8
173,4.6634507,4.4339185,9.666314,2.5838423,6
174,5.538515,3.5036163,9.454327,2.308401,2
175,5.4618936,4.912842,9.034236,3.4979036,6
176,5.3358955,4.435809,9.370653,2.0895724,9
177,4.3827505,1.1926155,9.056698,3.1601942,7
178,3.2989626,1.149864,8.925868,3.170067,4
179,3.881151,5.5553527,8.800315,2.9362564,8
180,4.746053,2.6372614,10.1057,3.730121,4
181,5.4015684,3.9256513,8.579916,3.7526019,5
182,3.1472106,0.5629679,9.320531,2.76165,8
183,4.3861303,3.7152152,9.258691,3.913683,10
184,4.0693917,5.108844,8.733391,3.996986,4
185,4.119755,3.16264,8.752952,3.7831898,7
186,4.267998,4.473038,8.699233,1.949493,3
187,4.18349,3.8592677,9.862248,2.0697076,7
188,4.315591,2.966383,9.851062,2.2115672,4
189,4.302155,3.8004475,8.857923,4.1483545,10
190,4.3187046,5.301861,8.190782,3.662901,5
191,4.5000215,5.1414146,8.734308,2.3727722,7
192,5.383399,4.011452,9.391977,3.5201197,10
193,4.094171,3.1955512,8.979248,4.0633607,4
194,5.063047,4.891076,9.190491,4.090129,8
195,4.4376707,1.7866751,8.794194,3.8155189,3
196,3.1191378,3.239414,10.068264,2.4272127,4
197,4.917277,4.2550697,8.051131,3.488672,10
198,5.281456,5.2408595,9.547079,3.795524,10
199,4.5794744,4.698268,8.308249,4.031377,4
200,5.219019,5.007554,10.110116,3.939337,10
201,3.4384167,1.4189984,9.242136,3.418981,9
202,4.072787,4.8372493,8.568524,2.7297723,5
203,5.838215,3.395618,8.74991,3.0836265,4
204,5.5728445,4.559727,9.392103,3.4115684,10
205,4.8828125,4.089925,9.564025,2.8689146,6
206,4.5788994,4.4011655,9.218636,4.2456527,5
207,5.0582266,3.414244,9.050699,1.9830629,4
208,3.7916777,4.5621443,8.880837,2.1979294,4
209,4.6519895,2.9908924,10.626416,3.1162732,3
210,4.4095144,4.302114,8.404124,2.4360726,1
211,3.6309292,2.325688,8.681007,3.874024,8
212,4.6398897,5.462455,9.388703,2.3266358,4
213,4.3080235,1.2452857,9.405619,2.6554692,3
214,4.5250854,2.0846145,10.079029,2.9465075,4
215,5.7051425,3.757838,9.392494,2.8752704,2
216,4.148061,3.7703261,8.663024,3.4459894,4
217,4.1286263,2.0472016,9.373528,2.947535,1
218,4.897543,2.9716253,8.871157,3.3997848,7
219,4.339848,4.9038305,8.175532,4.6795197,4
220,4.2441835,1.2187647,9.299067,2.8706255,5
221,4.722232,2.9183376,10.585241,3.0419056,10
222,4.110738,4.9486027,9.459777,1.9578917,10
223,4.1839437,5.1567245,8.244098,3.899599,1
224,3.6456265,4.4321723,8.689151,2.6113472,7
225,4.255486,4.7187815,9.374123,1.9189744,9
226,5.0933437,5.199908,9.26096,3.2275975,7
227,5.498763,4.1317973,8.253677,3.424731,4
228,3.7393978,4.0313206,9.392767,1.9099041,1
229,4.9292426,4.781359,8.808698,4.2222614,8
230,3.28391,3.841183,9.777979,2.3534482,8
231,3.8454313,2.6518803,10.595998,2.5105577,9
232,4.515999,2.4315822,10.425751,2.8174171,7
233,4.372211,2.044311,9.873071,3.7995677,10
234,4.211027,4.656149,8.926972,1.9271952,3
235,4.1312704,1.7498676,9.071374,3.0632617,6
236,4.5781207,5.4085073,9.398317,2.3580658,9
237,5.636349,3.446466,8.63756,2.9062607,8
238,4.5056615,4.998174,8.178757,4.4630704,6
239,5.33837,4.2459097,9.4397545,3.485131,9
240,4.958818,3.6904652,9.452568,3.7925847,10
241,4.1585383,3.8669953,9.00937,4.232946,4
242,4.262728,4.7950163,9.42181,1.9958712,10
243,5.6107907,3.722665,8.951893,2.2568917,3
244,5.4693,4.2943354,9.095273,4.2180796,2
245,5.3256335,5.3006544,10.540612,3.8189082,10
246,4.110983,4.9947886,8.107845,4.181467,8
247,4.345178,8.72456,6.175829,-0.4028179,1
248,5.264855,5.3767247,10.463854,3.5800016,7
249,4.290818,3.8984313,9.21354,4.029713,3
250,4.166167,4.0141177,8.052818,4.942693,8
251,3.1880796,3.8176198,10.455291,2.520857,8
252,5.6521716,3.5877988,8.271625,3.6769128,6
253,5.5845404,3.608514,9.183912,2.3547204,7
254,3.916481,4.087089,10.113158,2.1520507,5
255,4.1547604,3.068569,10.252877,3.077564,4
256,3.8245885,4.648885,8.633071,3.4324198,3
257,4.055933,3.1581018,8.379344,4.060921,5
258,4.2491727,4.6638503,7.6778336,5.1104116,2
259,4.5655684,4.6398797,8.957948,4.323875,4
260,4.3778605,4.37358,7.4365115,5.4770284,3
261,3.9349043,5.362337,9.364542,2.3420658,10
262,5.1785526,3.1323726,9.20362,2.2652044,6
263,4.093253,4.06437,9.41301,3.0015037,4
264,5.3801727,4.579416,9.632321,3.3842154,9
265,3.2010598,0.791933,9.375265,2.5469527,1
266,3.9932146,3.978043,9.446953,4.0052605,3
267,3.8331676,4.7411356,9.249136,1.862424,3
268,4.846092,3.0227902,9.940345,3.8670309,6
269,4.691917,5.0633187,8.443819,3.7102323,9
270,4.8030205,5.04683,9.949725,3.6135788,7
271,5.640032,3.4522257,9.300036,2.5848997,2
272,5.5998306,4.762452,9.290535,3.631191,7
273,4.3345404,3.6997278,7.710279,5.2694283,7
274,4.85167,3.8730516,8.845953,4.6104183,2
275,4.1726236,3.9593525,8.109426,4.7428317,2
276,3.245719,3.7754478,10.345806,2.4368021,5
277,4.040659,2.865681,8.818756,3.6837108,10
278,3.9525332,5.0532007,8.235877,3.8870764,3
279,3.940309,4.2803774,8.403174,4.3652444,4
280,5.2286158,3.7036386,9.703565,3.1811411,1
281,4.1290317,0.9739211,8.945784,3.1510983,10
282,4.2990437,4.724745,8.331189,2.7960308,8
283,4.435213,4.628241,9.530024,3.7217023,10
284,3.9497938,4.6951327,8.20653,3.1147563,7
285,4.4917636,2.3496625,9.633268,2.7738004,4
286,4.7196236,4.0021725,9.371233,1.9599345,3
287,4.2672443,0.9897598,9.124774,3.2671182,7
288,3.7475712,0.63141936,8.931252,2.8322144,8
289,3.8633983,4.373843,9.367185,2.028247,5
290,4.534478,0.85004365,9.119398,3.0773659,9
291,5.3551526,5.2171516,10.471415,3.9067497,8
292,4.7184143,4.3273134,9.166376,2.0064802,5
293,4.251305,4.4590397,8.311349,4.6096644,3
294,3.0456965,0.9692761,9.504198,2.608578,8
295,4.3303275,4.4193544,7.47167,5.405588,10
296,4.5625005,2.6736984,10.307541,2.595407,8
297,4.688732,2.6420429,10.193159,3.7691798,3
298,4.3825417,8.680766,6.2187233,-0.36161655,5
299,4.295443,3.865591,9.283855,4.3439918,4
300,3.9471238,4.0281215,8.912306,3.934175,5
301,3.4382744,0.47511315,8.982855,3.084607,2
302,4.6158185,4.974749,8.374574,2.9675012,7
303,3.348523,4.0098214,9.52343,2.2171164,4
304,4.206413,3.9889042,8.744305,3.9511113,1
305,4.504044,3.4252067,10.316532,2.8090348,4
306,4.606567,4.265823,9.247853,2.4222894,4
307,3.830069,4.484488,8.783692,3.4386601,5
308,4.38099,5.2705207,9.31142,3.112431,6
309,4.483094,2.1893213,10.628102,2.667727,4
310,3.2241638,0.8754039,9.084194,3.3990736,4
311,4.115684,4.1429715,9.855497,3.8452399,7
312,4.1979547,2.3669634,8.916273,2.883587,10
313,5.171654,3.340092,9.681098,2.1120985,8
314,5.4675574,4.022906,9.800314,2.8511603,3
315,5.583032,3.6349823,8.081792,4.013409,8
316,4.676122,4.3154483,8.29282,2.5877,4
317,3.8463082,2.530487,10.415732,2.4743547,10
318,4.434675,3.117608,10.29229,3.0933483,8
319,5.332194,3.6910894,9.57856,3.5775523,3
320,4.609258,4.112004,8.521926,4.760403,3
321,5.5671105,3.6063566,8.993585,2.1874998,10
322,3.8379402,0.7186201,9.338942,2.7965345,5
323,5.702239,4.4557815,8.594389,3.5633202,8
324,4.0616527,4.3305025,10.157359,2.325456,10
325,3.421441,0.71526885,8.856126,3.294057,10
326,3.93565,5.2659736,8.298052,3.5988715,9
327,4.1309853,4.1161685,9.799779,3.9022586,1
328,4.1344876,5.6966667,8.790329,3.3875215,7
329,4.687387,2.4954083,10.626009,3.347001,4
330,5.2076516,3.3732235,9.719665,2.098331,9
331,4.1334844,5.3879843,9.32357,3.1936457,7
332,5.3789988,3.3449814,8.854604,2.7429125,3
333,5.320928,3.4551752,9.72333,2.7596397,9
334,3.7118504,0.8183985,9.264366,2.608774,4
335,5.552447,3.6918564,8.999907,2.286457,3
336,4.3905425,2.4131563,10.662544,2.6713333,5
337,5.0370445,3.7404225,8.630595,4.319593,3
338,4.1544895,2.3991792,10.7038355,2.7199888,10
339,3.0807035,0.647186,9.244244,3.0391703,5
340,4.615036,2.5094473,10.794299,3.1920881,1
341,4.3537884,4.1825156,10.284395,2.7727284,8
342,4.105062,2.7842479,10.691959,3.0570457,5
343,4.70083,4.794646,8.379915,4.227585,10
344,5.826896,3.4294786,8.739107,3.0245652,3
345,4.5168996,4.673562,8.6564045,2.0889952,4
346,5.2034097,4.8130083,10.242245,3.9272144,9
347,4.132094,1.597702,8.987176,3.1495025,10
348,3.966887,4.372335,9.829645,3.8365471,10
349,3.5731428,4.44257,9.852363,2.4250214,3
350,4.51076,4.189882,7.967889,3.8820064,3
351,4.351296,3.4914122,9.277145,2.8181157,10
352,4.017876,2.7148242,9.688396,3.3734436,7
353,4.1629252,2.9999893,9.329567,2.533995,3
354,4.699299,5.0758142,8.670574,2.4444435,7
355,5.5399275,3.266308,9.087252,2.797093,8
356,4.5740438,0.9132446,9.349405,2.9691114,9
357,4.528166,2.4480054,10.7298565,3.1699247,4
358,4.1468425,4.1558824,7.9142075,4.6724153,3
359,4.4103794,3.9745915,9.492831,2.15204,5
360,3.8836596,0.91457015,9.016696,3.4329252,5
361,4.569124,5.316356,8.480958,3.673657,8
362,3.4300084,3.534256,10.113268,2.2566874,3
363,4.153972,3.1404169,8.580384,4.0941014,4
364,3.9562683,5.39522,9.313096,2.3849862,4
365,3.4672174,4.5252604,9.694799,2.3874269,4
366,5.5928836,3.7837496,9.421013,2.5858536,1
367,4.9944425,4.360798,8.029736,4.3218484,7
368,3.7931552,4.206383,8.679414,3.3360252,4
369,3.9559934,5.447807,9.421329,2.7751698,4
370,4.3363757,2.4399683,10.532775,2.4973962,3
371,4.94632,4.6366057,9.6141,2.0913303,7
372,3.3126757,3.9117243,10.173296,2.2861264,8
373,3.1502411,3.721825,10.376672,2.4009745,9
374,5.3033934,5.3244467,10.48463,3.6882913,7
375,3.5094182,0.88850665,9.377156,2.7963636,3
376,4.728808,4.507587,9.007123,4.494511,8
377,3.7167943,0.75604475,8.924487,3.2838871,8
378,4.7641745,4.794356,8.307708,2.5835063,9
379,5.339051,5.4076657,10.61968,3.7078612,9
380,4.4571705,5.3011684,8.584015,3.6774852,7
381,4.821876,2.9053755,8.769377,3.508183,1
382,4.1368546,4.7699847,8.423754,2.3630347,8
383,5.3766303,4.1283646,9.702784,2.8096225,5
384,4.758717,2.736241,10.136629,3.8121552,7
385,4.4879746,4.1600027,9.334884,3.2899063,5
386,4.598344,2.7434933,9.800021,3.9279613,1
387,3.5353045,3.8352284,9.84715,1.9829558,7
388,4.6572404,3.3907826,10.427239,3.2005148,8
389,4.351251,4.5815773,9.586827,3.2333543,2
390,4.5040083,3.100503,9.716352,2.1378574,9
391,4.5381985,2.4128218,9.499344,3.75596,1
392,5.1879473,3.63764,8.263649,2.9565873,1
393,4.5845785,3.1368227,9.364221,2.664703,4
394,5.36327,3.8872943,9.608069,2.8948061,10
395,4.5265255,4.7676744,9.689847,2.653068,10
396,4.3371177,3.4181309,7.746357,5.058808,3
397,4.1981215,1.2903433,8.842284,2.956354,9
398,4.761634,3.2498546,9.53028,2.8444908,4
399,3.894282,4.234879,10.219501,2.3703723,10
400,4.147702,4.7176046,8.557134,2.269473,9
401,5.0848794,5.1830416,8.918775,3.6067839,10
402,4.0514703,4.1823893,9.407385,1.7033417,3
403,4.17612,2.4181466,10.586324,2.5138667,10
404,5.1290655,5.175136,8.852048,2.979024,4
405,4.7441144,2.8782146,8.737074,3.0556004,3
406,4.8320937,2.9395597,10.09386,3.884331,8
407,4.067236,1.4068176,10.021917,2.3399143,3
408,4.471667,2.5249717,10.684521,3.0146675,5
409,3.0368264,3.8370419,10.259605,2.1765058,10
410,4.3788724,1.9628855,10.576764,2.7115402,10
411,5.4167914,4.3362756,9.244893,3.8310306,7
412,5.654168,4.321772,9.281717,3.6166737,2
413,5.0496445,2.8965347,8.897683,3.1494577,10
414,4.7306623,2.6239998,10.288008,3.8361225,3
415,4.073581,2.9792712,10.142647,2.599814,7
416,4.596369,2.9723642,9.751251,3.5124767,10
417,4.949483,4.0605536,9.469576,3.3162022,4
418,5.563324,3.8721428,8.204008,3.4693851,4
419,4.554447,4.519917,8.054057,3.9183652,5
420,4.2221494,4.143987,7.828897,5.1963315,2
421,4.670435,4.3415074,8.983124,4.346424,10
422,4.427532,2.1800866,9.36686,3.5966535,8
423,4.048216,4.486437,8.330627,2.5415466,10
424,3.4373004,0.7699888,9.327069,3.3410852,3
425,4.1096826,5.3565307,8.532559,3.1533127,7
426,4.867605,4.559887,9.057237,4.48317,8
427,3.565184,0.7846186,9.072202,3.005648,4
428,4.8531704,4.915847,9.495159,2.8034227,4
429,4.558188,2.9710386,10.399941,2.3711078,4
430,3.0342724,3.758593,10.224055,2.1782668,5
431,5.112701,5.146804,9.277656,3.7698286,8
432,4.2909036,1.9091985,9.112051,2.702895,4
433,4.7613688,4.331667,8.422605,2.2443805,3
434,4.1016912,4.2652645,9.983762,3.7144015,2
435,4.708148,4.395264,8.515334,4.4969964,7
436,3.6535184,0.685136,9.360138,2.8874907,5
437,4.629107,4.786553,8.436289,2.5846062,8
438,4.660738,2.6017497,10.59304,3.0278213,5
439,3.0789282,3.8297126,9.979501,2.2390118,4
440,5.084303,5.3667827,10.4064245,3.4476051,3
441,4.6683917,3.615748,8.90201,3.3165987,9
442,4.952849,4.57403,9.120399,4.2499266,10
443,4.4075694,1.0757976,9.395693,2.7462156,7
444,4.1532817,1.8479494,9.030163,3.0040817,7
445,5.0071616,4.3791766,9.377582,3.7112145,3
446,4.704157,4.015466,9.382921,3.539041,8
447,5.233861,4.4165277,8.582853,3.9107816,8
448,3.4992464,0.58212775,9.088768,3.2096446,7
449,4.2278733,1.6570084,10.507986,2.5952296,2
450,4.338638,3.4483294,8.55453,4.43352,9
451,5.7985716,3.4562306,8.434122,3.2510931,3
452,3.109844,0.72332007,9.257955,3.2104692,7
453,4.1610427,4.036339,9.028655,3.9621882,5
454,4.3245144,1.9320866,8.947789,3.478528,4
455,3.9268355,4.3148155,9.787435,3.9218476,10
456,4.760967,2.941371,10.121368,3.8054712,5
457,3.6852155,1.7182541,9.342396,2.6064463,2
458,4.4112163,1.0699863,9.400114,2.7908347,8
459,4.322473,3.5036647,9.949113,1.9624674,9
460,4.247674,1.8082768,9.030637,2.8386602,5
461,3.8914468,4.4484057,8.623909,3.5366201,5
462,3.0145304,3.6773067,10.311888,2.2167604,5
463,4.511995,3.631229,8.994056,1.9609469,8
464,4.920419,4.5699687,8.330419,4.9189105,3
465,5.471042,4.079242,9.459628,2.8741107,4
466,4.7737937,4.714752,8.612979,4.3978915,3
467,4.133425,3.9043543,9.123175,4.122731,1
468,4.031064,5.082853,9.483333,2.1918159,2
469,3.4192388,4.5419674,9.761458,2.453941,7
470,4.770812,3.1921787,9.998121,2.5875194,9
471,3.760163,4.987106,9.410361,1.9763366,10
472,4.2926326,5.5099373,9.258854,2.683219,10
473,4.315965,8.738928,6.161559,-0.41879994,1
474,3.9745812,5.3793545,9.279077,2.4724452,8
475,4.256767,5.084415,9.078037,2.152977,5
476,3.345137,0.6787215,9.02617,3.2670443,7
477,3.8513415,4.1449695,9.592801,3.9465668,4
478,5.0784497,5.0512896,10.10942,3.7524974,10
479,3.8962152,0.9530617,9.208347,3.0287933,5
480,4.0752797,3.3039174,8.687056,3.3271217,4
481,4.922104,4.276728,9.182252,2.1575184,10
482,4.6356053,4.475501,9.727819,2.3673253,1
483,4.198979,4.6882706,7.751367,5.024097,10
484,4.2800417,1.4335892,9.714612,2.4476945,4
485,4.281024,3.771966,8.948522,4.208293,8
486,3.47579,0.99844706,9.485298,3.213198,7
487,3.8542776,4.3313193,9.004992,2.8695695,7
488,3.7334192,5.032923,8.821594,2.5035036,8
489,4.3862367,3.2075484,8.624251,4.202699,3
490,3.375569,3.943844,9.920888,2.9736772,4
491,3.061812,0.61208236,9.111857,3.2221415,4
492,4.7979493,3.7680798,10.067097,2.1211696,4
493,5.19226,3.9112632,8.185376,3.0848758,4
494,5.242299,4.559619,9.090197,3.648992,8
495,3.8516045,1.2529737,9.588289,3.1305928,4
496,4.4815497,4.930149,8.447468,2.6737328,7
497,3.879583,1.3278755,9.531786,2.974061,7
498,4.3914948,3.8277726,9.514409,1.8466583,7
499,4.0128574,4.277166,8.7375145,4.05172,7
500,4.026968,4.5738726,8.399272,4.257177,3
501,4.2695446,2.8861043,10.382604,3.129046,8
502,5.5061436,4.1867676,8.825585,3.312112,3
503,3.4838874,1.0155581,9.379594,2.7450936,4
504,3.9309182,2.3211205,9.825887,3.2132368,5
505,5.303291,5.468161,10.601272,3.6361518,3
506,4.196105,3.954785,9.423045,3.6675766,3
507,4.191547,5.047422,8.257474,3.8200574,10
508,3.7384803,0.7934461,9.140867,2.7909808,7
509,5.465772,3.9295778,9.562324,3.082335,9
510,4.6756315,2.5469244,10.710524,3.3547854,4
511,5.3365984,4.302817,9.337551,3.0742738,2
512,3.6351361,3.7134192,10.243526,1.9869661,5
513,3.9081187,5.555918,8.832141,2.9219403,3
514,4.913562,4.4113092,8.930113,4.5627556,9
515,4.718456,2.7538924,9.935392,3.997728,5
516,3.2846684,1.0232965,9.454053,3.3451664,10
517,4.0296445,4.827398,8.065188,4.5266924,4
518,3.3615959,0.5031805,9.090061,3.081492,1
519,5.706159,3.3782163,9.245362,2.6591723,5
520,4.2746224,5.3551984,9.230563,2.5058331,7
521,4.1718144,3.7467875,9.486227,2.4645038,9
522,3.9574335,4.1409473,9.150834,3.4885728,9
523,4.1131797,2.6760702,10.655429,2.8914437,4
524,4.1267114,1.122321,9.039529,3.2330666,4
525,5.2548013,4.046612,9.095959,3.8842227,1
526,4.1784205,4.3983674,9.961891,1.9994782,5
527,3.20496,1.1395911,9.659006,2.6678057,8
528,4.118203,4.8155346,7.9918694,4.7676463,8
529,4.2952547,1.9136416,9.706284,2.4890156,2
530,5.016407,5.3854766,10.232794,3.302835,10
531,4.416062,4.1299047,9.477443,3.316034,2
532,4.2756443,3.536387,7.871084,5.138755,3
533,4.3194776,5.0826354,9.16927,2.3919642,10
534,3.2641637,3.3007276,10.263108,2.3541875,7
535,3.9052474,4.9308457,8.636981,3.6597736,8
536,3.7340527,4.1699877,8.819999,3.2831678,6
537,4.6061683,4.233124,7.8271394,3.8512554,10
538,4.3045535,5.317816,8.362403,3.5894217,1
539,4.083229,1.6214602,8.93106,3.0723848,9
540,4.842681,4.972117,8.698886,3.411747,7
541,5.495289,4.1965027,9.617524,2.5416453,4
542,3.1360412,1.24777,9.649757,2.6414807,4
543,4.469118,2.9745903,9.541813,3.4384902,4
544,4.6114492,3.6528146,9.472979,1.7745779,7
545,5.6363535,4.6128345,9.448857,3.4627488,5
546,4.899887,3.1311998,9.96449,3.8940167,3
547,4.178623,1.3459867,9.853156,2.430389,4
548,3.4041853,3.8072782,9.838709,2.7473738,10
549,5.119828,3.4842873,9.782779,3.544972,3
550,4.510836,4.764231,8.858438,2.170253,7
551,4.335916,1.6662588,9.040952,2.8402872,1
552,4.1866956,1.4269278,10.4956665,2.320581,4
553,3.3661084,3.8343546,10.258527,2.7763839,1
554,4.5127025,4.28696,7.8719406,3.7830837,4
555,4.457997,4.017346,8.974583,1.8403412,4
556,4.623964,2.6275587,10.6429205,3.3443558,8
557,4.289985,5.070722,8.07321,4.510826,8
558,4.4069657,2.5680423,9.226578,4.1984305,4
559,3.3134246,4.479219,9.909453,2.4540074,10
560,4.073373,2.9391944,8.54694,4.028707,8
561,3.3967638,0.536321,9.027174,3.2767262,7
562,5.218213,2.9940257,8.915688,2.9488187,3
563,4.1334476,3.998209,9.239376,3.9354675,9
564,3.9099076,5.552951,8.546325,3.3801756,3
565,4.4920745,0.91254866,9.068146,3.1155598,8
566,4.32866,4.1027474,8.87095,4.6533346,8
567,3.9455311,4.580625,8.912118,3.2987328,4
568,4.571381,5.237789,8.818995,3.7404182,8
569,4.450834,2.2517853,9.206879,3.8319056,4
570,4.2535453,5.2080965,9.204802,2.1730163,8
571,3.667037,0.895316,9.085104,2.9552083,8
572,3.2390919,3.4977372,10.436021,2.174593,3
573,4.3749733,4.528871,7.434282,5.4339247,3
574,4.013893,1.9425715,9.463902,2.8255546,10
575,4.3126335,5.3427763,8.713264,2.5644226,6
576,4.8598056,4.138373,7.7669024,4.638155,3
577,5.034433,5.1078568,9.246349,3.6842659,8
578,4.0738854,5.0333223,8.217431,3.9812794,9
579,3.1134245,0.7705517,9.1603155,2.7213345,3
580,4.2104115,4.3675504,9.047441,3.0975642,1
581,5.6409354,4.223505,8.679064,3.3470814,6
582,4.105041,3.9475136,10.014299,3.7322268,4
583,4.4824495,4.1921105,8.360267,2.3724053,4
584,5.338726,5.542305,10.649404,3.5960248,10
585,5.6429906,4.263147,8.731786,3.2896569,9
586,5.356638,4.066401,9.272023,3.8760662,7
587,4.3014703,4.4232793,7.718647,5.212029,8
588,4.831141,4.8063188,8.577931,2.8927383,1
589,3.2532842,0.82033163,9.503088,2.7092433,9
590,4.3220663,4.1291313,7.877832,5.2141786,5
591,4.600868,2.5582225,10.725597,3.2668307,5
592,3.3862402,0.8595263,9.420747,3.076902,9
593,4.2946987,1.5888913,9.139714,3.2815409,10
594,3.9814496,2.3929462,9.903961,3.5296602,9
595,4.32498,4.0375724,9.16485,3.1171465,7
596,4.795853,3.113582,9.03238,2.645056,8
597,5.22842,5.3866987,10.409398,3.6101053,4
598,4.873728,2.5639904,10.551394,3.0742474,6
599,4.544111,2.4521985,10.673916,3.0147536,7
600,3.7611864,4.9056582,9.734943,2.205727,8
601,4.899812,4.591003,8.031546,3.3372302,3
602,4.390951,4.4939656,8.730823,2.0499802,4
603,3.2113378,3.7055345,9.729942,2.543736,4
604,4.462257,4.3771696,7.5494695,5.3829255,8
605,4.056244,4.748089,9.460421,1.8608013,3
606,4.5667915,3.0692458,9.824656,3.9920511,7
607,4.4945483,3.3477468,9.389565,2.1612391,8
608,4.4026804,2.825621,8.83163,3.920195,4
609,5.8320394,3.6161366,8.316248,3.3385866,3
610,4.5475745,4.613986,9.609879,3.5936115,8
611,5.2575407,5.2565823,10.299012,3.6952887,8
612,4.516422,3.9759128,9.103036,3.4592783,9
613,5.399692,3.4754655,9.552153,2.258452,5
614,5.0908966,3.8385718,8.93195,1.9624928,8
615,4.872387,4.599104,8.66024,2.2546318,3
616,5.299567,5.0880933,10.483588,3.858822,4
617,4.4712706,4.8037095,8.561393,2.3284223,9
618,4.3355217,4.422996,9.596894,1.7430485,6
619,4.2003436,3.924679,9.50446,1.8541588,5
620,4.2197275,2.268519,9.436995,2.8162634,3
621,4.41402,3.816563,7.5990963,5.3837123,8
622,5.2516174,3.6285374,9.735588,2.202793,10
623,5.160419,4.437776,8.173394,3.2079601,4
624,3.1729972,3.5382752,9.864788,2.5237603,4
625,3.785185,0.88094926,9.197986,2.7438304,4
626,4.590291,4.6439676,8.832003,4.0879526,10
627,3.9670997,5.38482,9.381214,3.2754843,9
628,4.085007,5.509009,8.405737,3.5255904,5
629,3.5867672,4.3024793,9.145051,3.0672019,4
630,4.6848493,4.3275213,9.579194,2.5254688,2
631,3.2726984,0.66681755,8.893083,3.2442734,8
632,4.1752377,4.7336564,9.393951,3.8457446,8
633,4.818609,4.487493,8.895219,4.5215797,3
634,4.066032,1.1055249,10.719424,2.004234,3
635,3.9865115,4.937213,8.291119,2.8622599,3
636,4.1323104,2.7261739,10.514371,2.7607744,8
637,5.1706486,3.0775805,9.089055,2.9280355,5
638,4.823303,3.416945,9.346806,2.6754186,5
639,3.8728952,4.4372034,9.293394,1.7406881,10
640,5.4978657,4.4667745,9.491723,3.0743132,8
641,4.166103,1.8231378,9.07651,2.7172627,7
642,3.9347758,5.4795017,9.381083,2.5241883,3
643,3.3298583,1.8672935,8.627492,3.7510762,4
644,3.3351104,0.6548487,9.221118,3.1369843,3
645,5.2551584,3.9030187,9.015934,4.3170676,5
646,4.140055,3.557199,9.489872,2.571863,4
647,4.7117643,3.5665658,8.929921,1.8515178,5
648,4.3572445,5.094402,8.421911,2.8712187,4
649,4.523096,0.95797503,9.090904,3.102437,3
650,4.2987914,2.572915,10.212599,3.6417532,4
651,4.2576365,2.6017454,9.844472,2.8705013,3
652,4.1338673,4.8723636,8.472291,4.279332,8
653,3.0670173,0.6677381,9.045838,3.3386745,5
654,3.2162232,0.63909787,9.017377,3.2695026,6
655,3.9623082,4.7508683,9.498945,2.3955338,4
656,5.332689,4.7370925,9.5537195,3.0961602,9
657,4.191004,1.4349512,9.686206,2.5165904,7
658,5.444513,3.6234958,9.758518,2.761067,1
659,5.367179,5.283494,10.573302,3.8465235,5
660,4.401291,1.5648317,8.764864,3.6517859,8
661,4.063112,1.0825795,10.71831,1.9941518,4
662,3.363317,0.59035045,9.48571,2.8845992,3
663,4.3467197,4.636952,7.769338,5.013633,6
664,5.3198385,5.0138335,9.169117,3.5614607,8
665,3.6397605,4.97414,9.502086,2.0334678,7
666,4.2473645,4.093589,8.22585,3.9254608,8
667,5.734083,3.7900913,8.179547,3.649301,1
668,2.9633229,0.60637224,9.145157,2.6276755,8
669,3.190995,0.6564179,9.294855,3.1014655,8
670,4.456868,4.2110515,7.6059623,5.27197,4
671,4.5583673,2.5742426,10.457031,2.6984384,10
672,4.344728,5.3292933,8.97262,3.4688425,6
673,4.36874,5.4704175,8.879776,3.1563406,10
674,4.276132,3.8203008,9.685809,3.9546661,1
675,3.1931803,4.5618277,9.827393,2.2575479,6
676,3.0731847,3.486693,9.966138,2.276614,3
677,4.3082004,0.8739512,9.061735,3.0982556,3
678,4.3410654,1.2794809,9.059234,2.986593,7
679,3.075321,3.7605572,10.324093,2.150765,4
680,4.347073,4.61663,8.518824,2.8791819,8
681,4.3925467,4.3812556,9.380987,2.6974392,5
682,3.7407556,4.612451,9.061692,2.8240368,7
683,4.519866,3.209287,9.991703,3.1821299,4
684,3.031168,3.8165982,10.2874365,2.1493776,5
685,4.3973694,3.37994,9.702108,2.3322477,3
686,4.905699,4.6860833,8.924436,4.315474,9
687,4.264062,4.83138,8.961973,3.9087143,4
688,4.608004,2.4803898,10.748032,3.3420966,5
689,3.423221,1.0934327,8.981812,3.4685383,9
690,4.350215,2.3318555,10.653465,2.627819,5
691,5.343418,4.556996,9.856411,3.857346,5
692,4.3494864,4.938333,8.111234,4.670582,1
693,4.8240995,3.3707178,9.747088,3.7909317,10
694,4.276666,3.6784325,9.223341,3.7907634,5
695,4.0773077,3.5489545,9.068718,3.985576,4
696,5.058276,3.6933851,9.944087,2.076901,10
697,4.731106,3.5865197,9.844938,2.2693217,5
698,5.0101533,3.234369,9.671977,3.295699,1
699,5.05525,5.3750057,10.387616,3.4317164,8
700,5.0936484,3.5374916,8.994476,2.6479607,1
701,3.333662,0.8525923,9.493652,2.855368,2
702,3.0818465,0.7376582,9.198766,2.6286976,9
703,4.1021786,2.8391447,8.577724,4.008848,3
704,4.4139867,5.4604044,8.271454,3.757002,2
705,5.2885165,3.802027,9.6943655,2.142101,7
706,4.5405498,4.046039,8.345245,4.8761096,10
707,4.0577765,0.9169207,9.031242,3.1151996,7
708,3.8482773,4.341202,9.479144,1.908274,4
709,4.514991,2.5861585,10.755909,3.1411781,6
710,5.0145245,3.900105,9.291794,2.349746,3
711,3.8440752,5.5220537,9.126429,3.194843,1
712,4.832331,4.792054,8.971119,4.258042,8
713,4.6003137,3.2954893,9.881586,3.8776608,4
714,3.5367935,0.652909,9.46598,2.8586895,7
715,5.0711164,4.338379,8.108909,3.5453417,9
716,4.2698402,1.3667614,9.64264,2.56328,5
717,4.577577,2.496244,10.480208,3.5491343,8
718,4.2451687,3.102967,9.540658,2.1545703,4
719,4.168766,3.5159292,8.358676,3.6585176,8
720,3.8542109,1.0005999,9.665656,2.4379756,10
721,4.860218,3.1273324,9.97059,3.7524216,4
722,3.879178,5.1544156,8.366095,3.5063815,4
723,4.6526446,2.7862227,10.565032,3.1885974,9
724,4.63255,2.625785,10.644947,3.2220514,8
725,4.5905175,4.2365203,7.8353167,5.2748547,9
726,4.0070996,4.8544383,8.3591175,4.109223,8
727,4.3451476,3.534651,9.205808,4.021626,2
728,3.801631,0.9455662,9.671467,2.4605002,7
729,4.61815,4.046202,7.702819,5.0560656,9
730,4.3532996,2.2920797,9.444463,2.83128,7
731,4.461133,4.177026,7.822322,4.9173837,10
732,3.1347575,3.9617355,9.93242,2.3962612,9
733,4.239396,2.985675,9.339482,2.578861,10
734,3.5988507,4.3669047,8.76982,2.7030356,3
735,4.5107284,4.253683,8.648577,4.390088,7
736,4.4553185,3.6959407,8.929779,1.9538461,6
737,3.9302437,4.5481496,9.549488,2.0224607,4
738,5.5937204,4.179562,9.434501,3.3031933,4
739,3.1560175,3.7593188,10.23931,2.440624,9
740,4.6520157,4.0133104,8.176684,4.966737,3
741,4.5039697,3.5696151,9.5299,2.3120747,8
742,4.7023335,4.076584,7.654648,4.8072453,8
743,3.3724961,0.8071658,9.463338,3.1703067,3
744,5.538051,4.3238072,8.626075,3.4482656,10
745,4.616483,3.938283,9.280278,3.7572074,8
746,4.014743,1.5692871,9.1358595,3.0427067,4
747,4.4865746,2.7151983,10.499418,2.5988128,1
748,4.5008154,1.8330057,8.932617,3.4251041,10
749,3.544741,4.6766357,8.854001,2.760766,1
750,4.469071,5.640781,9.144845,2.4974911,5
751,5.645996,3.8369575,8.167227,3.5929105,8
752,5.744219,3.725338,9.2705145,3.2056143,7
753,4.032551,4.5296893,8.579584,4.4859276,7
754,4.7684374,2.5382721,9.769523,3.7416506,3
755,3.9592535,0.9796347,9.613963,2.561022,10
756,4.0399776,2.5082858,9.376909,2.818399,9
757,5.5575747,4.0597563,8.279518,3.511439,4
758,4.4249687,4.2879324,7.425344,5.517988,5
759,5.2264047,3.4419868,8.4696865,3.943961,4
760,4.3936496,4.1606255,7.592759,5.2343593,7
761,5.558728,4.6580324,9.292055,3.8873086,8
762,3.8566604,1.3509822,9.691818,3.1676934,7
763,5.726327,4.312793,9.132313,3.6098886,4
764,4.090086,1.126465,10.652692,2.0531142,9
765,3.9565935,2.487778,9.905978,3.2161808,2
766,5.4218335,3.9224954,9.601966,2.7705624,2
767,4.6221395,5.3747177,9.739109,2.6300137,5
768,4.1191683,5.2666736,8.373695,3.6290765,4
769,5.44492,4.580476,8.985835,4.090214,4
770,4.9184833,5.286167,10.338109,3.5786107,8
771,4.409841,3.9806106,9.781326,3.9034631,4
772,4.5831804,4.07404,8.886228,1.9621686,8
773,3.8146446,4.041522,8.768964,3.258355,8
774,4.0550437,5.3165374,8.906872,3.879404,5
775,3.979264,5.112857,8.55831,3.7377138,9
776,5.8788877,3.6991854,8.280508,3.4442375,4
777,4.4437165,1.6403764,9.254892,3.550224,10
778,4.4186234,3.509553,8.7518215,4.3171077,10
779,4.822502,4.1972976,9.644861,2.2717535,9
780,4.3495297,8.714672,6.1854405,-0.39305183,9
781,4.0924134,5.4539104,8.738051,3.5155532,1
782,4.408475,5.247533,8.264374,3.7942011,2
783,3.407894,0.79101485,9.299989,3.1440911,7
784,3.5312116,1.0451757,9.433597,2.6048107,4
785,4.2457504,5.5903244,8.838833,3.158847,3
786,4.4221354,2.1563778,10.480256,2.432496,10
787,3.7176602,4.4192624,9.4284315,1.822815,3
788,5.3091035,5.1487007,9.032302,3.224234,8
789,4.272424,5.1178226,9.199201,2.5260293,3
790,4.256319,1.7373815,9.050166,3.1525366,10
791,4.3210325,2.830455,9.100934,3.5308022,7
792,3.2981586,0.6855769,9.456146,2.6942713,9
793,4.339416,8.723811,6.1764174,-0.40254897,10
794,3.0725486,3.9521239,10.016813,2.311094,9
795,3.7819006,4.3093486,9.318005,1.9217719,1
796,3.1092186,4.53621,9.907334,2.1658823,10
797,3.9191077,5.524197,9.186604,2.7307858,8
798,3.8847575,1.1422398,9.611113,2.7613175,1
799,5.2075624,4.3715343,8.8867035,3.2951589,3
800,3.22308,4.5376573,9.812197,2.1669781,9
801,4.1324444,3.5758433,8.970001,4.004861,10
802,3.7454686,4.957783,9.54482,2.8117146,1
803,4.9596696,4.3285227,8.6085415,4.0259104,4
804,4.3302464,1.7844858,9.704815,2.4249458,8
805,4.471751,2.3504527,10.793958,3.227501,5
806,3.9282446,3.9869092,9.060878,3.6239417,10
807,4.4786673,1.9508387,9.0861,3.6316679,8
808,4.412159,4.421577,7.460771,5.443469,8
809,3.319295,0.5535857,8.953827,2.9504368,3
810,4.3511496,5.012359,8.91415,2.7662835,10
811,5.3124375,5.3460073,10.542388,3.7844284,3
812,3.706179,5.231178,9.064117,2.4640474,5
813,4.388574,3.0309587,9.436219,3.2383962,3
814,4.134999,4.9643755,8.081158,4.546836,2
815,4.2785788,2.3932052,8.835913,3.245885,3
816,3.1153193,3.790037,9.9208145,2.539213,3
817,4.6756835,3.761146,8.447096,4.6283183,1
818,5.691124,3.7711306,8.274741,3.8745558,1
819,5.7876396,3.2960558,8.801938,3.032397,8
820,5.171634,4.958342,10.170406,3.6851285,4
821,4.6239533,4.495826,8.016418,2.9584978,1
822,5.1159782,3.5140164,8.938631,2.1798313,4
823,4.2978926,4.9630537,8.312117,3.9762216,5
824,5.6572695,3.776018,9.427989,2.5857458,9
825,3.692181,0.7000487,9.158645,3.091165,5
826,4.4063377,4.3152447,8.629613,4.381376,3
827,3.931138,0.9923862,9.360222,2.639026,8
828,4.3456244,4.697159,8.050614,4.558668,9
829,4.1808496,4.5483084,9.073015,1.9065241,4
830,3.2561152,3.8916063,10.301185,2.1789155,3
831,4.314721,5.459723,9.295184,2.438938,9
832,4.3955364,3.4125412,8.729796,4.230668,3
833,4.4394813,4.0325933,8.275897,4.753858,4
834,4.4944944,5.0339746,8.348001,3.85362,3
835,5.756653,3.4021864,8.662428,3.1781433,7
836,4.151555,3.4568396,8.930216,3.4787948,6
837,4.870957,4.0259457,8.141044,3.3062081,1
838,4.882216,4.15196,9.1718,4.2335405,1
839,5.2079697,5.0478444,10.562803,3.6815815,8
840,4.326493,4.537445,8.584438,4.4187326,6
841,5.3831224,4.1035666,9.175863,3.3950133,6
842,5.702188,3.6603136,8.29024,3.7759209,5
843,4.058815,1.0713818,10.740067,1.9769171,1
844,5.3332524,3.9774384,9.49274,3.0189497,1
845,4.122564,3.1137633,9.377331,2.6989963,4
846,4.066066,4.509468,9.403299,1.8702489,8
847,5.2765713,4.08833,9.647786,2.4381583,3
848,4.2713466,3.8432407,9.243427,2.2352486,10
849,3.5767477,0.6294938,9.204935,3.0437984,4
850,3.7972481,5.5304246,9.176004,2.9729571,10
851,5.159482,3.9746096,9.66024,2.01251,8
852,4.072943,3.3222635,8.793859,4.0955334,3
853,4.932599,4.7762346,8.854484,4.231486,10
854,4.681252,3.167247,10.41571,3.1671245,4
855,3.081161,0.5797453,9.297724,3.1670902,4
856,3.8076622,0.8900779,9.082222,2.887768,9
857,3.7620506,4.5148234,9.146305,1.8701965,6
858,3.875467,5.3904004,9.48745,2.518223,4
859,5.572716,3.8084035,8.806744,2.3522675,4
860,3.0707977,3.9763331,9.9311495,2.3044193,1
861,3.3740122,2.7530386,9.85958,2.5818307,3
862,4.549944,3.4125893,9.563285,2.0953307,5
863,4.0635333,2.8137894,8.57968,3.9954205,1
864,4.712166,5.272686,9.204932,2.4061725,3
865,4.1153617,2.632611,10.387178,2.655477,4
866,4.3538733,1.290436,8.883509,3.2372837,8
867,3.885935,3.1224947,9.937655,3.130744,8
868,3.1989043,3.059113,9.911432,2.555621,5
869,4.319129,1.1813073,8.849624,3.2200246,3
870,3.3382053,0.61022776,9.058199,3.2389648,3
871,3.044887,0.7177822,9.500205,3.1507385,3
872,4.397872,4.0671597,7.4707723,5.4794927,4
873,4.397493,4.3541965,9.322603,4.3099084,7
874,4.062674,4.974624,8.221813,4.3168044,5
875,5.30893,4.069108,8.945672,4.1342254,1
876,4.2295837,4.569344,9.874901,2.1187756,8
877,4.9765935,3.3130004,9.810294,3.7777648,7
878,5.2917185,3.2340598,8.998341,2.6315067,3
879,4.029934,0.848938,9.058012,3.0611045,7
880,5.4319253,3.8465488,9.617875,2.981345,4
881,3.7252078,4.998136,8.546275,3.4522755,3
882,5.873451,3.5940294,8.382091,3.426582,6
883,5.2625017,3.981429,9.713684,2.59294,7
884,4.1128354,2.6568356,10.448025,3.382708,1
885,4.2244425,3.0155191,10.331693,3.2521245,4
886,4.6296744,4.640003,9.216233,4.116143,1
887,3.9271579,5.184533,9.153464,2.69928,10
888,3.22372,0.7696152,9.400131,2.6192565,1
889,4.7324104,3.143852,9.750699,2.5560431,10
890,4.77548,2.7889524,10.477895,3.559606,2
891,4.5211773,2.3404627,9.586075,3.9241753,1
892,5.3612766,5.2556376,10.322593,3.7808707,7
893,5.7571855,4.3603425,9.338474,3.4114978,3
894,4.55634,5.213002,9.027743,2.8879764,7
895,5.8141026,3.3707185,8.919446,2.839069,5
896,5.6663127,4.6148005,8.842052,3.624689,8
897,4.856185,4.724652,8.788813,2.476733,8
898,5.4859548,4.176701,9.667698,2.444445,8
899,4.3816605,4.3159246,7.518278,5.3459277,2
900,4.4459662,5.454505,9.396516,2.2633636,3
901,3.6181262,0.96794283,9.41712,3.0083773,7
902,4.2550774,1.178963,8.873915,3.1665015,6
903,5.5224657,4.4120603,9.272278,3.9236262,7
904,5.147394,3.3109937,9.13792,3.9936864,8
905,4.353193,8.693753,6.202242,-0.3780701,8
906,4.512932,4.301167,9.315106,3.1304774,8
907,4.2895265,2.275124,10.689278,2.7625484,7
908,4.174365,3.6348135,9.475634,2.7843347,1
909,4.4151936,4.7859144,8.75516,4.1786947,3
910,5.329149,5.437436,10.58233,3.631969,8
911,5.5281773,3.452313,9.686317,2.676781,3
912,3.8692458,5.3760867,9.367296,2.3751488,5
913,3.7814183,5.511634,9.144559,2.8479042,4
914,4.33283,4.2457952,7.7682166,5.2211046,3
915,3.7196443,0.7814714,9.3589525,2.8443,4
916,3.8719144,4.1944857,10.036357,2.3708947,1
917,4.4537497,4.636421,8.481857,2.2890098,6
918,3.9608881,5.194379,8.341766,3.469659,1
919,4.466159,5.6767907,9.2165,2.6525476,4
920,4.1965437,4.079343,8.7341,2.5135226,8
921,3.334823,3.9211242,10.32347,2.4665399,4
922,4.1683645,4.2933555,9.174268,2.868431,7
923,4.3237486,5.2009783,8.90651,2.5693705,4
924,4.237606,2.1723156,10.36475,2.731649,9
925,4.438879,5.4469285,8.300657,3.7265441,10
926,4.3684273,3.9060655,9.154298,3.1818242,8
927,4.284468,3.6445763,8.439938,3.9853413,10
928,3.8960562,4.3181605,8.7980995,3.345163,5
929,3.7759457,4.64979,9.27511,1.8896927,6
930,4.751571,5.1410327,8.807593,2.5025015,8
931,3.955557,2.4729786,9.502952,2.7237437,3
932,3.9081361,5.5105214,8.834165,3.1331234,7
933,4.301922,1.7706114,9.678092,2.4470403,1
934,4.6907043,3.3147047,9.667139,2.3611047,3
935,4.4654126,5.028959,8.26314,4.3799706,4
936,4.1481047,4.9044595,8.051657,4.6447515,5
937,3.0883164,3.6849923,10.081509,2.2998874,9
938,3.4189138,1.3271129,9.728843,3.0688913,10
939,5.1240797,4.455582,8.146563,3.1666322,5
940,4.4465113,4.7409296,8.604834,2.2109902,4
941,3.8070264,4.0195932,8.8033905,3.161383,5
942,4.0444355,3.474907,8.470208,4.4292145,2
943,4.4657435,5.004457,8.255131,4.2812,8
944,3.285092,3.825421,10.365119,2.6130621,7
945,3.866702,0.96310234,9.109456,2.7985148,4
946,4.668259,5.050614,8.548047,4.4451604,8
947,4.058012,5.3153133,8.335791,3.7322795,5
948,3.6785405,4.676451,9.711731,2.0738358,2
949,5.3699336,5.2809067,10.565096,3.8530304,5
950,4.809808,4.3525333,8.977479,4.3713923,2
951,4.3634133,1.6373241,9.118271,3.1021035,9
952,3.7896175,4.166194,8.874555,2.8330524,10
953,4.028953,4.0362177,10.201994,3.3971279,1
954,5.649423,3.9586575,8.435615,3.1123536,3
955,4.9222546,3.0871708,9.699676,3.2434933,8
956,5.423265,4.045629,8.097834,3.4178863,9
957,4.694386,3.3709905,9.476137,2.866577,4
958,4.994486,4.8495083,9.532772,2.939106,4
959,5.323326,4.20208,9.687824,2.1290984,3
960,4.229383,3.7363439,8.728989,3.2816079,3
961,4.0125885,4.5409617,8.30172,2.8007147,9
962,4.654951,3.92007,8.20586,3.9896193,10
963,4.3636274,4.1809916,7.789327,4.3819976,8
964,4.4239717,2.973781,10.309112,3.0246322,4
965,4.1375146,1.308082,9.23938,2.7758794,1
966,4.2432895,4.4694433,9.561529,3.5745707,5
967,3.6810234,5.228572,9.449641,2.331178,7
968,4.3580346,8.751597,6.1490245,-0.42973346,10
969,5.003448,4.0741754,9.05353,1.9695536,5
970,4.476274,2.6037717,10.685469,3.2874482,2
971,5.897252,3.4743516,8.514564,3.3023896,10
972,4.0102134,4.1765018,8.924977,3.5658605,3
973,4.3937335,4.980816,8.260632,3.7999525,7
974,4.421014,4.024803,7.9637117,4.981128,9
975,4.1309633,4.288995,8.511469,2.9167345,5
976,4.5064588,5.3361144,9.189925,2.6673155,4
977,4.3434114,3.3185678,8.513448,4.3203254,8
978,4.154038,4.2986674,8.662606,4.4208555,4
979,4.2526155,5.5608563,8.9720955,2.954933,9
980,4.1103992,1.2675908,10.260143,2.2697527,8
981,4.2284455,1.6106095,9.02467,3.0785887,3
982,5.334521,5.3335247,10.594146,3.7586286,4
983,4.220608,4.7250705,9.394434,2.712175,8
984,3.93813,5.436329,8.706309,3.4907067,4
985,4.8501406,3.2275069,8.718774,3.6993163,9
986,4.45927,5.6535163,9.281675,2.561933,3
987,5.5077276,3.348256,9.526595,2.6867561,4
988,4.2311378,3.3517358,9.437964,2.2038767,3
989,5.487116,3.647995,9.203838,2.8077445,4
990,5.2996225,5.347301,10.562313,3.7629826,3
991,4.87566,4.6664186,9.4969225,2.8899376,3
992,5.0331645,4.1463046,8.967828,2.979101,4
993,4.3218126,4.2832923,9.116998,4.18774,4
994,4.708101,4.601605,8.737436,2.5922344,10
995,5.8108945,3.6713862,8.2746525,3.3509555,3
996,4.1592536,2.0328066,8.998033,2.8189187,3
997,4.1698647,1.3887553,8.918904,2.9385378,9
998,4.425694,2.2560642,10.643742,2.6992211,5
999,4.469651,3.2567465,8.45627,3.4996743,6
1000,4.5011015,4.781544,8.540666,2.345345,7
1001,4.309579,3.9149249,9.703508,1.9602177,5
1002,4.046597,4.4318933,9.88804,3.7374585,7
1003,3.012058,0.78648096,9.0003195,3.0890412,2
1004,4.0795326,2.9447627,9.718845,3.4494903,3
1005,4.7418666,2.5998027,9.2159815,2.5259461,8
1006,5.678593,3.5888171,8.274574,3.6555326,7
1007,4.021515,5.2680316,8.184394,3.6206434,3
1008,4.903776,2.854928,10.480745,3.627315,10
1009,4.7125354,3.547455,9.363683,3.4822206,5
1010,3.8756485,3.1701088,9.0953455,2.806393,1
1011,3.769856,4.3698215,9.420289,1.88084,3
1012,5.2364526,4.616484,9.465951,3.522029,5
1013,4.3804717,3.100412,9.900174,3.094601,4
1014,4.367126,4.3546968,7.429118,5.4968867,7
1015,5.260692,3.2915366,9.208976,3.0732877,10
1016,4.9880486,4.405438,8.029093,3.6086924,8
1017,4.481754,4.3297057,7.7033987,4.966491,8
1018,5.501978,4.427243,9.12266,3.958467,10
1019,5.010134,3.858744,9.065367,2.1262953,8
1020,3.9339993,4.3880014,8.879722,3.4408853,10
1021,5.4356213,4.1443777,9.404927,2.7722158,6
1022,4.6285477,4.7034664,9.596097,3.7302263,7
1023,4.0569615,5.2692046,9.461929,3.3040533,5
1024,4.259922,5.350649,9.476758,2.4425983,1
1025,4.130044,2.2832723,9.69781,2.823975,3
1026,4.2619805,4.1754804,9.403064,1.8836092,7
1027,4.682255,5.315145,8.816684,3.4835563,8
1028,5.0388484,3.351338,8.826092,2.530847,7
1029,4.6106043,2.7877014,9.806768,3.855773,7
1030,5.175915,3.453215,9.928571,2.6250973,4
1031,4.1898904,1.6044998,10.499823,2.396958,9
1032,4.4075923,4.887252,9.2657,1.9818537,5
1033,3.7257931,4.117811,9.140426,3.3522794,4
1034,4.1366215,4.190666,8.597843,4.274838,4
1035,3.7988343,4.0683827,9.268564,2.6180348,10
1036,4.5344124,3.938404,9.328135,2.299947,3
1037,5.372408,3.3055277,9.428091,3.588236,8
1038,5.671972,4.599141,9.304555,3.5852218,4
1039,4.4299726,3.5333207,8.798914,4.183591,9
1040,4.637764,2.2938657,10.338625,2.734609,10
1041,4.559505,1.9772146,9.039902,3.4259255,3
1042,5.1866097,4.02278,8.269228,3.599333,4
1043,4.0019817,2.3578014,9.439461,3.4313552,8
1044,5.315442,3.486823,8.889183,2.1467216,10
1045,4.3347406,3.7368999,8.0452175,5.020552,8
1046,4.3891654,5.417754,8.934524,3.119465,4
1047,4.5138493,3.7814827,7.6234846,5.261915,5
1048,5.631269,3.5491393,9.093931,2.531226,4
1049,4.319585,3.4200397,8.725968,4.009989,1
1050,5.1072702,4.6197906,8.285121,2.9947767,5
1051,4.442185,2.4180052,9.643615,3.9727838,1
1052,5.092738,4.551489,9.60266,2.9527597,4
1053,4.4736323,3.2140703,9.801581,3.2124362,1
1054,3.7376182,1.1783608,9.023801,3.111466,7
1055,4.45034,3.700513,9.748166,3.5157409,6
1056,4.228088,5.1082926,8.253189,4.0147443,8
1057,4.7352133,3.3336358,10.534747,2.8102162,1
1058,3.9685392,4.595043,9.14604,3.52802,6
1059,3.156342,3.049981,10.068894,2.412039,4
1060,3.6355052,0.6888367,9.015322,2.9685185,9
1061,4.0835867,2.826475,9.83546,3.346506,7
1062,5.3446245,4.4633493,9.840752,3.9039729,7
1063,3.8605301,5.367716,9.347605,2.9190528,6
1064,4.2505226,1.2813503,9.700868,2.570384,5
1065,5.151404,5.4510365,10.456565,3.4698086,7
1066,5.235054,5.2865686,10.447092,3.7654517,1
1067,4.086019,3.787512,8.014236,4.60049,10
1068,5.7179823,3.952173,8.155269,3.8255527,4
1069,4.3432927,4.8005385,9.075015,1.9396954,8
1070,4.224902,4.086837,9.419777,2.2878785,3
1071,4.4649787,4.254908,8.517632,4.6591935,5
1072,4.0456767,2.474879,10.635993,2.620856,1
1073,4.9416704,4.545219,9.080062,4.1685476,7
1074,4.5184245,2.7822337,10.478417,2.9294398,3
1075,4.398651,1.9719573,9.340069,3.5580292,8
1076,5.1762857,4.006063,8.208401,3.6381009,3
1077,4.4204793,5.36467,9.312859,2.2455504,4
1078,5.042906,3.8668797,8.9965925,3.06701,3
1079,3.888791,0.85317767,9.186828,2.9293728,9
1080,3.335444,0.8052943,9.397076,2.7021058,10
1081,4.4927125,1.0474122,9.4554,2.9296021,4
1082,4.7084723,3.1728253,10.522557,2.7984252,4
1083,5.337587,4.3465424,9.004138,4.206427,6
1084,4.975485,5.242217,8.725558,2.8642461,3
1085,5.7057137,3.4809444,8.778842,3.276917,4
1086,3.743339,5.332215,8.9129305,3.0730255,7
1087,4.5599685,4.3068366,8.149102,2.857374,8
1088,4.2855177,4.667775,9.748819,3.6474583,1
1089,4.0721116,2.7608154,8.908872,3.5424297,10
1090,4.251516,3.8600426,10.138717,2.7361913,1
1091,4.124228,4.921116,8.008047,4.609545,10
1092,4.0952306,1.1700104,10.648294,2.073204,8
1093,5.5877776,4.2333155,9.446968,2.9619715,3
1094,4.882614,2.755875,8.933568,3.5979037,3
1095,4.667996,3.3021462,10.321117,3.2739801,8
1096,5.6281962,3.58211,9.202639,2.5787363,10
1097,3.6868029,0.9929615,9.420962,3.0366507,3
1098,5.1681247,5.137344,9.25152,3.0495179,7
1099,5.3087945,5.4593844,10.579603,3.6517532,5
1100,5.385429,4.4088516,9.568116,3.3111537,4
1101,4.335231,3.8838565,10.065109,2.127547,5
1102,3.820702,4.2915435,8.566397,3.05088,9
1103,4.2166877,5.57719,8.8704405,3.1063776,1
1104,4.091722,5.0830894,9.234322,2.4419675,1
1105,4.4736824,2.4973364,10.4835,2.7765288,5
1106,5.005574,3.7926266,8.697059,3.7521732,4
1107,4.4117737,3.9293113,7.5370736,5.440661,1
1108,4.397746,4.38913,7.444083,5.4603066,10
1109,4.7178807,3.0193236,10.313575,3.418157,10
1110,5.140879,3.491067,8.50463,2.6362555,7
1111,3.952451,4.6270647,8.620275,3.4181526,8
1112,4.3503222,8.71739,6.182844,-0.39637437,9
1113,4.529435,4.563645,9.617127,3.8056226,3
1114,4.509748,3.2809968,8.542793,4.1353707,8
1115,5.1451316,5.0694556,10.255671,3.8236053,7
1116,4.858216,2.978895,10.251231,2.9649105,8
1117,4.008016,4.063339,9.008761,3.6614902,5
1118,5.0876946,3.1381247,8.794102,3.4260345,3
1119,2.9683573,0.6886913,9.128886,2.7608054,7
1120,4.0151396,2.8270652,8.890013,3.334517,3
1121,3.4717402,4.602711,9.672564,2.1700861,10
1122,3.7085967,0.99801123,9.36297,2.579176,8
1123,5.726655,3.7277367,8.34693,3.4144127,9
1124,4.048806,1.0685064,10.7383,1.9758571,4
1125,4.3629937,3.2631888,9.8635435,3.827028,4
1126,3.8867948,3.9465973,8.808136,3.5315118,3
1127,4.1548448,3.8976882,9.199518,4.2271457,2
1128,5.313803,5.339419,10.582227,3.7821417,1
1129,4.277281,2.5648348,10.095893,2.379235,5
1130,5.107152,3.6922722,8.334573,2.6231174,1
1131,4.345896,8.719989,6.1800313,-0.39938965,6
1132,4.356257,3.6296797,7.7055254,5.224764,9
1133,4.5057693,2.2488503,10.666028,2.8170252,1
1134,5.103605,4.188177,8.89744,3.1393058,8
1135,3.8392916,4.642798,9.931182,2.2589123,3
1136,4.4489074,5.417872,8.6175,2.9540048,5
1137,3.169623,0.6358846,9.445558,3.097344,6
1138,4.8812776,4.530463,9.629063,1.8884139,9
1139,4.7292905,2.853409,9.138075,2.088287,3
1140,3.5133023,0.8099473,9.055553,3.1363304,3
1141,4.891339,4.5173516,8.048206,3.5514731,9
1142,4.230915,2.1687384,9.183136,2.703472,5
1143,5.267222,4.883382,8.994498,3.5137248,10
1144,4.5664,4.043941,9.195581,2.079841,8
1145,3.5607219,0.6924365,8.9334545,3.354951,7
1146,4.447261,0.993804,9.014507,3.1326437,7
1147,4.3623276,4.3910503,7.802607,4.8526936,4
1148,4.6019354,4.892337,8.8663,2.3676834,8
1149,4.388595,2.3263223,10.705062,2.7774284,4
1150,3.8754861,4.1197653,8.658124,3.488531,6
1151,4.631872,3.768215,10.056987,2.0160584,8
1152,4.321275,3.5240555,10.265305,2.6377475,8
1153,4.33914,5.485412,9.124523,2.7151859,10
1154,3.90367,1.1535798,9.027645,3.2523904,4
1155,5.226419,3.0567148,9.526543,2.3777905,4
1156,3.601592,3.1889708,10.495345,2.6598654,7
1157,3.8945436,5.2905173,9.694335,2.4421105,10
1158,4.0608587,1.3416591,9.073878,3.2003224,4
1159,4.9866796,3.554459,8.760694,3.547324,4
1160,3.5995116,0.9201379,9.105417,2.874869,1
1161,3.746002,4.7907114,9.280849,2.0265346,2
1162,4.805591,3.8260841,9.435049,2.6242883,4
1163,3.8669512,4.731779,8.791915,3.5012915,3
1164,5.8446746,3.7844968,8.370478,3.4652214,4
1165,5.597033,3.3663044,9.2857895,2.5035217,7
1166,4.327826,3.9036367,7.752374,5.29238,6
1167,3.3601167,3.0976822,9.7580595,2.3305087,8
1168,5.465149,3.9295027,9.530343,2.9363952,10
1169,4.9571896,4.378687,9.60122,2.884875,5
1170,3.1873095,0.895503,9.500298,3.1262858,3
1171,3.4727018,0.6560226,9.477274,2.922414,2
1172,3.6771712,3.4333904,9.88348,2.5739832,7
1173,5.2151775,5.124443,10.142571,3.831772,9
1174,4.8112907,4.415458,8.020364,3.3566716,8
1175,4.151273,4.8106904,8.156213,2.9882581,3
1176,5.615148,3.8901522,8.839137,2.4218423,8
1177,5.6721187,3.752396,8.342092,3.2469835,4
1178,4.427271,3.963145,9.313472,3.8070903,7
1179,4.2969203,1.0714612,9.46994,2.832558,10
1180,4.368018,2.9517515,9.456371,2.553778,3
1181,4.3634624,3.8632183,9.10623,1.9054682,7
1182,4.478981,4.312268,7.6719995,4.988234,10
1183,5.193928,3.811294,9.645254,2.5139673,3
1184,3.7543938,0.78541744,8.979769,3.1916234,10
1185,3.915316,4.2326612,9.685292,3.802346,7
1186,4.6673713,4.564029,8.989172,4.185021,8
1187,4.391873,4.405362,7.414466,5.487236,3
1188,3.768823,4.6284175,8.464599,3.388953,5
1189,3.9646432,3.8918178,8.979339,2.971073,8
1190,5.2681074,3.1101933,9.213647,2.8219872,5
1191,5.1750903,4.613543,8.712489,3.8658268,5
1192,4.3131866,1.2235512,8.92376,3.152833,4
1193,5.519692,4.939707,8.967463,3.1508753,8
1194,4.839358,3.332656,10.226013,3.645341,4
1195,4.71942,5.4335227,9.875643,2.7942402,8
1196,3.1588652,4.3868523,9.828767,2.2838898,8
1197,4.8707027,3.0529382,8.982478,3.452585,10
1198,4.8997583,3.6377633,9.09887,2.2500484,4
1199,5.39814,3.8214169,8.437713,3.9263413,5
1200,5.3600407,3.3015597,9.105215,2.3570313,3
1201,4.4541135,3.8999984,10.020377,2.0483792,4
1202,3.579509,0.71801513,9.212749,2.837971,3
1203,4.8710814,4.591066,9.660546,1.9188159,4
1204,5.25341,2.968106,9.604367,2.4876323,6
1205,5.424487,3.2657478,8.721764,3.1211658,8
1206,3.7792323,4.562085,8.543927,3.4103322,5
1207,4.9154124,4.8492837,8.925836,4.161157,7
1208,4.6414537,2.978904,10.18414,2.7594204,3
1209,4.743062,4.9980044,8.755423,2.403165,7
1210,3.7258582,0.89984494,9.148065,3.1197617,4
1211,4.224542,2.4841464,9.924816,3.920349,9
1212,4.3374763,3.7073696,7.7294765,5.2505136,3
1213,3.9756007,1.2272441,8.957589,3.0269718,3
1214,4.969489,4.434155,9.483059,3.7941628,4
1215,5.72809,3.9406214,8.152463,3.8027725,10
1216,4.0402794,4.398776,8.806819,3.9100482,3
1217,4.9315844,4.7117476,8.840495,3.8939826,5
1218,5.2560577,4.1495485,9.112999,4.219969,1
1219,4.6487975,2.5342999,10.501745,3.6435466,8
1220,4.208899,2.992084,8.763484,3.8218863,8
1221,4.1986523,4.276636,8.931496,3.4246795,8
1222,3.2737608,3.7880454,9.763757,2.676626,10
1223,4.8489375,5.5614715,9.995477,2.8564663,4
1224,4.5038004,1.0138564,9.463952,2.882441,1
1225,4.12794,4.5519705,9.78675,3.7009938,2
1226,4.303906,3.342847,8.589236,3.7597935,10
1227,3.6988418,0.99329203,9.350819,3.042392,1
1228,4.7469945,2.7633672,10.053301,3.8547568,9
1229,4.4549813,4.561172,7.5378885,5.2770104,5
1230,4.5382195,3.968082,8.866043,2.0469983,9
1231,4.3667583,2.3020747,10.709418,3.0838778,5
1232,4.5114517,3.163649,10.50015,3.2901947,3
1233,4.6752224,3.2419367,10.570907,2.8070245,3
1234,5.6905074,3.5964653,8.335879,3.5314696,8
1235,4.13579,2.1092834,9.231083,3.1084075,4
1236,4.3022428,5.5735593,8.829793,3.246545,7
1237,4.5300426,4.534736,8.370828,2.36785,4
1238,5.09107,5.340002,10.372432,3.4938192,4
1239,3.3003736,1.7914201,8.65268,3.710685,8
1240,3.9797997,4.203844,8.657684,4.117995,8
1241,4.2573833,2.9628446,8.728202,3.5336664,4
1242,3.7670307,4.2217097,8.68714,3.6522973,7
1243,4.6279006,3.287974,9.185348,4.0334864,5
1244,4.0905423,2.8958776,9.504408,2.2270267,4
1245,4.235513,3.921322,7.921019,4.8330956,8
1246,4.388137,3.949884,9.740779,2.0583243,9
1247,4.642816,5.4430866,9.577271,2.7271087,3
1248,5.4799833,3.7835484,8.487478,2.8712175,1
1249,3.53364,1.0602064,9.789714,2.9350736,1
1250,4.190023,3.8182516,9.916755,2.1156871,2
1251,4.178576,1.944295,9.176584,2.652406,8
1252,3.8374267,4.5540204,8.52754,3.3940463,2
1253,3.8080173,4.8955746,9.298064,2.050885,10
1254,3.9646218,4.1658964,9.329604,1.9318614,9
1255,4.1374736,5.3204193,8.370798,4.2312875,1
1256,3.9845345,0.94574094,9.0791445,3.104605,8
1257,4.258481,3.05654,8.247423,4.319796,7
1258,4.9185143,3.0290298,10.517261,3.7004666,6
1259,4.254251,4.1257143,10.343512,2.8914604,10
1260,3.600868,4.732228,9.4285555,2.1060648,8
1261,4.37195,8.6970625,6.2030206,-0.37625942,1
1262,4.2417336,4.478587,9.197966,3.4653413,3
1263,4.1459804,4.747356,9.744285,3.397527,4
1264,4.75403,4.998175,9.396477,2.8873048,7
1265,3.3244371,2.8103752,9.877416,2.532261,7
1266,3.7482195,0.8897033,9.0939665,3.2238896,10
1267,4.7518706,4.735169,8.974297,3.71497,3
1268,3.8131113,4.195681,8.821905,3.3676958,3
1269,4.216735,1.9084597,8.917768,3.5489514,7
1270,3.6008847,1.5206752,9.173566,3.4343932,10
1271,4.6060395,3.370092,9.148956,3.830294,10
1272,3.1522634,0.79880923,8.912879,3.2788866,10
1273,4.2241216,2.8143091,9.266529,2.29405,3
1274,3.9422102,3.4787955,8.913144,3.364294,8
1275,3.8016841,4.854485,9.646115,2.3543837,8
1276,5.0243278,4.373601,8.408207,3.6219933,9
1277,4.5979095,0.86084783,9.236911,3.0378213,8
1278,4.9276133,3.6819808,9.602366,2.2667882,5
1279,4.6424465,2.7535737,8.797668,3.0813756,10
1280,3.4250877,2.753304,9.634512,2.9764862,4
1281,4.947488,3.4730864,9.30434,4.127109,1
1282,5.120245,3.5963628,9.670282,2.7100055,4
1283,4.484355,2.5374877,10.581343,2.8034143,10
1284,4.19971,5.17459,8.974453,3.5021253,9
1285,3.7395914,4.715162,9.855656,2.1932075,9
1286,5.5861397,4.3287272,9.464189,3.2195044,10
1287,3.9113567,4.906805,8.204137,4.083735,4
1288,4.2229342,3.654748,8.324395,4.7223916,4
1289,5.336261,4.566187,9.513398,2.4346364,4
1290,3.2434795,0.6938781,9.029025,3.4372635,4
1291,4.375948,2.428401,10.400772,2.93686,4
1292,3.4785368,0.65007085,9.066801,3.0411339,10
1293,5.1818547,5.349554,10.4461355,3.67495,8
1294,4.236505,4.0564075,9.752145,3.7710314,9
1295,3.6911457,0.90795,9.114861,3.1358774,5
1296,4.6113405,4.345966,7.9437685,3.34549,1
1297,3.1945884,1.1116177,9.56715,2.6565046,6
1298,5.3610306,3.464914,9.257099,2.6497521,6
1299,4.7701,4.3679714,7.9905367,5.1275687,4
1300,4.877314,3.8270493,8.727455,3.8350716,10
1301,4.4893465,4.9626107,9.279447,2.4672372,3
1302,4.2735863,4.038342,8.950588,4.275486,9
1303,4.326256,4.308828,9.858868,2.2546635,3
1304,5.262807,3.2388322,9.733282,2.5522087,4
1305,4.5616255,2.1388195,9.661555,3.607296,10
1306,4.1058598,2.8316886,9.412074,2.6114144,4
1307,4.0624747,1.0826876,10.722884,1.9922516,3
1308,5.325757,3.6000786,9.002926,2.856364,7
1309,4.0216017,5.4774055,8.629602,3.3950148,5
1310,4.3404126,2.7720506,10.616227,3.273493,6
1311,4.8473654,3.9493558,8.911608,3.531362,4
1312,3.7988117,1.0441985,9.547172,2.9036453,3
1313,4.145847,2.1403248,9.108955,2.9515576,8
1314,3.555893,0.7784257,9.105566,3.034392,3
1315,4.4375434,4.120023,10.287838,2.7813702,8
1316,4.354612,2.6515198,10.110816,2.393142,5
1317,3.4737015,4.7711854,9.468332,2.172446,1
1318,4.6831613,4.2211156,8.473187,3.6292408,3
1319,4.34224,3.8158011,7.8788733,5.1411104,7
1320,3.7589872,4.9933643,9.506861,2.3946776,5
1321,5.1506214,4.478901,8.570469,3.9011252,8
1322,4.524302,4.971719,8.998543,2.942898,3
1323,5.025943,3.1955338,9.042912,3.4698792,9
1324,5.388277,3.7438426,8.17246,3.2708092,4
1325,4.2061386,3.8613222,10.038531,3.6808038,4
1326,5.389276,4.421948,9.371783,3.5620515,4
1327,4.7394977,4.569404,8.980214,4.4980617,9
1328,4.323778,1.3894267,9.188257,2.7306528,9
1329,3.8471277,4.1114926,8.774109,2.6476948,4
1330,4.0583134,5.2497206,9.169786,2.3962777,2
1331,5.099465,3.485934,8.513616,2.6060085,4
1332,3.0976207,3.853758,10.188554,2.2247849,5
1333,3.9345493,4.1737747,9.418728,2.0416174,3
1334,3.1874747,0.6497439,9.053676,3.1607728,8
1335,4.19529,5.0607,8.018851,4.4996676,9
1336,3.5114632,0.7508475,8.85945,3.412253,1
1337,5.310861,3.3414252,9.231623,2.296464,5
1338,3.8309445,4.0378504,9.490845,3.9154909,2
1339,3.3779347,0.62417173,9.049682,3.1972275,8
1340,4.396458,1.7333235,9.450163,3.3147464,10
1341,3.908817,4.6904874,9.931016,2.3851135,4
1342,3.627839,4.8811693,9.345901,1.8246013,10
1343,5.1970367,4.109542,9.9087,3.579277,9
1344,5.3301167,3.81126,9.708365,2.7144186,9
1345,4.28164,4.5818067,9.602226,2.0912695,3
1346,4.228636,1.8044512,9.597938,2.4569929,5
1347,5.5084114,3.3010073,9.330991,2.7359812,9
1348,3.9452143,5.2434974,8.904918,3.0398202,10
1349,4.367809,4.2377877,9.160088,2.0038712,8
1350,4.558346,4.2766604,7.7462363,5.392215,7
1351,4.176907,5.311386,8.234004,3.830199,4
1352,4.8380427,4.5464807,8.690375,2.1944597,5
1353,4.71914,3.6324444,8.682685,2.4802423,5
1354,4.0973167,1.968157,9.266884,2.9397647,3
1355,4.8920245,4.4809976,8.269529,4.8979473,3
1356,5.185529,4.211335,9.514885,3.4045577,5
1357,4.384422,4.710122,9.013926,3.2000942,6
1358,3.2007897,0.5881706,9.130904,2.9836123,7
1359,4.136035,1.7222328,9.086424,3.0093882,3
1360,3.7136436,1.0123369,9.199441,2.9047685,8
1361,4.6656528,4.7123632,8.798719,2.354414,3
1362,4.0333805,4.1550665,9.369738,1.9841739,7
1363,3.9747636,2.0527098,9.274581,2.8856773,3
1364,4.850432,4.966569,9.135353,4.022092,5
1365,3.2537413,3.4123929,10.008993,2.5237205,10
1366,4.444696,0.8658422,9.075767,3.1587465,3
1367,4.971937,3.0895836,9.208716,3.025298,10
1368,4.4289966,2.402093,9.086721,3.1838877,7
1369,3.5588353,3.8519366,9.745149,2.1088126,10
1370,4.203323,4.883734,8.260657,4.429449,9
1371,4.338325,3.7902002,9.791268,2.1418326,8
1372,3.5445015,2.0147812,9.542061,2.879682,10
1373,5.425069,3.9696834,9.201921,3.6550038,4
1374,3.1303895,3.1063578,10.083996,2.425346,3
1375,4.1687527,1.21948,9.380132,2.8641064,5
1376,3.968228,5.344054,8.686301,3.6268148,4
1377,5.205951,3.548577,9.670105,2.1823437,9
1378,5.077056,3.9121606,9.088817,4.2792883,8
1379,4.1769786,3.094456,8.73321,3.8129258,5
1380,3.66967,4.6447415,8.757786,2.922037,10
1381,4.044964,2.4175634,9.71903,3.4270778,4
1382,4.318976,4.5551867,7.6274166,5.1501617,10
1383,4.3601284,3.3813329,9.28596,3.442556,10
1384,4.3164825,3.5316958,8.587497,4.4341555,4
1385,4.810953,4.3014927,8.106815,3.4456527,10
1386,4.439929,2.6187825,9.031981,3.4200642,6
1387,4.0164614,4.0352883,8.544195,2.6024754,3
1388,5.07367,5.245993,10.113812,3.5983207,3
1389,4.3254285,4.5846357,7.6317945,5.16454,10
1390,4.2872634,5.3215714,8.397078,3.6479316,10
1391,4.0004377,5.592954,8.505871,3.459058,4
1392,4.2360053,3.6986237,9.80726,2.107449,3
1393,4.403475,3.8889854,7.69131,5.336835,8
1394,3.734295,5.2626963,9.049939,3.0050683,9
1395,4.0750184,3.9405546,9.197672,1.752974,7
1396,5.134902,3.4124472,8.951224,2.1918993,7
1397,4.7900367,4.9177184,8.661224,4.328107,4
1398,2.9572558,0.6795603,9.201796,2.67735,7
1399,2.975515,0.61547196,9.194747,2.6683626,4
1400,4.7120295,4.073806,7.662762,4.905217,6
1401,4.4605737,5.0620494,8.343338,4.3174653,7
1402,3.4537764,0.81650686,9.199611,3.194691,5
1403,5.7863555,3.5137131,8.4539995,3.324475,6
1404,3.8565984,4.9911623,9.75313,2.6171227,1
1405,4.166304,4.4730325,9.851928,2.0419128,10
1406,4.317593,5.3866587,8.2451515,3.8923852,3
1407,4.006171,2.4190056,9.959559,3.5174592,4
1408,4.2546086,2.621529,10.496976,2.4852405,7
1409,3.8496492,4.3343725,9.28367,2.2101347,7
1410,5.3957863,4.346011,9.096235,4.184483,9
1411,3.8548758,1.1791755,8.953709,3.1733613,9
1412,4.273941,4.5425525,7.46623,5.3510413,1
1413,5.3039145,4.1659627,9.535143,2.9125478,1
1414,4.808729,4.608546,8.182419,3.712751,3
1415,4.080563,5.600686,8.772939,3.3244014,5
1416,4.7351947,2.6437821,10.38129,3.777816,4
1417,4.222235,5.5771794,8.958688,3.5261996,5
1418,4.9665093,4.0739684,8.8849535,2.5859234,8
1419,4.2536263,4.4052925,9.101832,1.7679446,4
1420,5.624703,3.8591256,8.612554,2.598615,4
1421,3.8840551,2.6287582,9.411771,2.4218383,8
1422,3.8798847,4.4644985,9.236878,4.224269,4
1423,3.6213048,5.0613337,9.288206,2.253138,3
1424,4.4509296,4.31049,7.5569572,5.3785567,1
1425,4.1872764,4.9015355,8.111318,4.3198013,7
1426,4.9277396,3.5623312,9.537525,4.0712957,9
1427,4.0023613,4.377752,9.287191,1.8807573,6
1428,4.4590034,1.7621276,8.71618,3.8001509,8
1429,4.929812,3.4625497,9.149798,3.403263,8
1430,4.3644233,4.6059666,8.380183,3.195356,5
1431,4.735939,3.2285116,10.398859,3.3732193,8
1432,4.8314285,3.6965911,9.867795,2.3287992,4
1433,4.089248,4.8011193,8.343701,4.259773,3
1434,4.2262273,4.4911284,7.7196283,5.1616726,3
1435,4.240146,1.3967247,9.761793,2.4634933,1
1436,3.182617,0.6783057,9.365899,2.6904044,8
1437,4.787073,5.4782753,9.884844,2.795481,8
1438,4.2392306,2.3656614,8.87117,2.9935963,5
1439,4.2010417,1.214328,9.37493,3.249964,4
1440,5.0499115,5.4161825,10.245961,3.2583466,4
1441,5.5581126,3.5938833,9.100218,2.485993,3
1442,3.9778554,1.8579566,9.083725,2.784068,4
1443,4.990256,4.2161927,8.882534,3.1304507,4
1444,3.8752186,4.351458,8.629664,3.9204934,8
1445,4.005493,4.4531636,8.448543,2.5466917,5
1446,4.2134914,2.7541099,8.70343,3.0373342,5
1447,4.254458,5.625242,9.043027,2.9589322,4
1448,5.5228567,3.4698336,9.614815,2.6813364,3
1449,4.4775543,4.4675317,9.085296,2.6795957,10
1450,5.1792035,4.5798,9.559389,3.3189685,4
1451,4.2211213,5.1365066,8.239579,3.9850507,4
1452,5.3287215,5.531546,10.615291,3.6220968,8
1453,3.1089888,3.5400913,10.167132,2.4080667,8
1454,4.920049,3.7958071,9.152232,4.3024163,10
1455,3.9667652,4.678156,8.378363,3.7267048,1
1456,5.382702,4.78767,8.8046875,3.631661,10
1457,4.0677123,4.7796736,9.45477,2.8897772,6
1458,4.596875,4.2302995,8.905211,2.3628528,10
1459,5.5683756,4.4041204,9.204519,3.609379,3
1460,4.02489,4.6582437,8.683484,2.2137437,8
1461,3.8700612,5.289497,9.574039,2.4865525,9
1462,4.458148,2.1047702,9.475166,3.6364026,8
1463,4.5245876,4.751129,8.574136,3.8813055,4
1464,4.275594,4.8713946,9.860688,2.5519695,3
1465,4.4951725,2.2132533,9.500517,3.8180256,10
1466,4.3889604,4.600373,8.898787,1.9973953,6
1467,3.1608539,3.7079651,10.432477,2.455663,3
1468,4.6743875,3.9734974,9.371269,2.11629,4
1469,3.4301565,0.9843595,9.493843,3.1831071,5
1470,3.8319576,4.1284075,10.164286,2.2454042,3
1471,5.700813,3.5577133,8.2656355,3.6933525,2
1472,3.9946637,4.166748,10.150758,2.8313599,6
1473,4.512834,1.5049714,9.566659,2.501591,5
1474,4.5122375,2.058073,8.930968,3.6993027,1
1475,4.3051305,4.9826746,9.078204,2.2261534,8
1476,4.360586,4.6368585,9.375176,1.80389,1
1477,4.7675886,5.1440396,8.854171,3.6150918,1
1478,5.676821,3.4655035,9.008232,3.2445934,3
1479,3.8378146,1.0690143,9.243224,3.185002,4
1480,4.1920886,5.3901567,8.759214,3.7807329,3
1481,4.567691,3.0444512,10.341654,3.072969,5
1482,4.4115953,3.899645,9.007756,2.0118105,5
1483,5.36108,5.2590466,10.519221,3.8555224,8
1484,4.8024526,4.4277496,9.308924,2.6029484,3
1485,4.5977683,2.3707707,9.122123,2.697347,4
1486,4.4988713,2.384313,10.678871,2.86326,4
1487,4.071672,1.2027073,9.963343,2.4507666,3
1488,4.12714,1.378784,10.030746,2.3901908,2
1489,3.0938995,3.8737545,10.101633,2.4364414,3
1490,3.7924552,1.1354859,9.034563,3.2230754,5
1491,3.8004873,1.1139218,9.41009,2.7944186,3
1492,3.38547,0.70817894,9.299306,2.7372751,6
1493,4.927282,3.6577184,9.131386,1.8869609,9
1494,4.433412,4.670746,8.13501,3.891933,4
1495,4.184768,3.655338,8.0897875,4.6008,9
1496,4.3481116,8.714758,6.1852493,-0.39393222,4
1497,2.9934895,0.7375026,9.363158,2.942988,9
1498,5.1254616,5.385416,10.4003105,3.439366,4
1499,4.773836,3.210341,9.696872,3.8770769,2
1500,4.408302,1.1101563,9.288841,2.9084072,7
1501,5.3565173,4.2972736,9.094773,3.9206743,8
1502,4.508265,3.952303,9.356334,2.7512336,3
1503,4.2307606,1.6034304,9.008186,3.1077957,6
1504,4.516621,4.1051855,8.212569,3.6866803,10
1505,5.595366,4.095645,9.204763,3.140502,4
1506,3.078543,3.7108393,10.171841,2.1276836,1
1507,5.234182,4.0650225,9.318108,2.7765644,8
1508,3.1441646,3.9038434,9.923671,2.4463475,3
1509,4.3372884,4.2320538,9.240201,3.1303546,8
1510,3.8943343,1.8056811,9.344096,2.6952596,7
1511,5.0294967,4.315832,9.642167,2.3874006,8
1512,4.013801,3.544934,9.201371,3.932621,5
1513,4.588627,4.798897,8.60209,2.430208,3
1514,4.3278356,3.3224738,9.303001,2.592126,1
1515,4.4741087,2.2131891,9.406814,3.9302943,3
1516,3.283529,0.71182215,9.199388,3.1558275,7
1517,5.51172,4.1927013,8.623318,3.3771439,8
1518,4.3724957,5.3688564,8.693181,3.7844746,4
1519,4.456414,4.153896,8.759329,4.3308454,1
1520,5.2542872,4.374751,8.695051,3.7229168,8
1521,4.14704,4.4665833,8.8939295,3.251697,4
1522,4.3027163,4.271912,9.429346,2.1601121,10
1523,3.9889433,3.2805321,8.975933,3.3164558,10
1524,4.574268,3.4745204,9.384928,3.7076368,3
1525,4.576433,4.17915,9.027327,2.1969814,8
1526,5.052965,4.94652,9.39426,2.6311486,7
1527,5.3752675,3.4086752,9.339258,2.3084366,8
1528,4.286443,4.5886884,7.6963944,5.0865974,8
1529,3.1767087,4.0497293,10.085124,2.3820274,4
1530,2.9847877,0.62248,9.238677,2.9945478,1
1531,4.694125,4.827647,8.081495,3.4105368,8
1532,4.4327374,3.4149885,10.262529,2.4060256,8
1533,4.4310994,4.9804754,8.809706,2.2940376,4
1534,4.8773637,4.7721906,8.796396,4.271685,2
1535,3.773542,0.80392766,9.05723,2.902908,6
1536,4.544415,4.304307,7.860884,4.1446433,10
1537,4.0237966,2.893647,9.68196,3.3821154,8
1538,3.4171627,0.6889541,9.123786,3.0358577,4
1539,4.1622086,1.800124,9.909562,3.6415994,1
1540,4.085675,5.047178,8.246055,3.8210037,7
1541,4.5786543,4.6228557,9.646261,3.3513575,8
1542,4.192952,3.762484,9.270005,3.912514,10
1543,3.5713234,0.9555354,9.279622,2.9649153,3
1544,4.054645,4.8773556,8.15258,2.917758,3
1545,4.4686966,5.241744,8.834453,2.8261511,1
1546,3.7662158,1.3687242,9.100903,3.2134547,3
1547,4.837856,4.871387,9.247514,3.1273546,4
1548,5.4435253,3.7209375,8.776748,3.0027165,4
1549,4.055236,4.986374,8.440447,2.9349644,4
1550,3.7617223,1.460816,9.868704,2.8505595,3
1551,4.5351863,3.0752196,10.286425,2.5914323,5
1552,5.2708564,4.2369986,9.220365,3.1908038,4
1553,4.503213,3.1683197,10.2892475,2.5646486,9
1554,4.8248706,3.7353308,9.296088,3.2506456,10
1555,3.4975176,1.1491061,9.130767,3.0823634,8
1556,4.41815,4.273453,9.005754,3.3333194,4
1557,5.54479,4.39007,9.452805,3.1646724,3
1558,4.233881,5.3845863,9.432821,2.603098,10
1559,4.984817,3.4696174,9.813556,3.922451,4
1560,4.824263,4.46216,8.739763,4.432191,7
1561,2.9504297,0.6565498,9.159354,2.7463026,2
1562,5.234863,3.5621653,8.473654,3.0030317,10
1563,3.8882022,1.4672501,9.750215,3.1277325,4
1564,4.920415,3.4849837,9.511094,3.9231453,3
1565,5.1641254,3.8172162,9.514031,3.6077023,1
1566,5.2074146,3.9805095,8.243872,3.3740497,8
1567,3.814839,5.393905,9.484253,2.6164997,10
1568,3.759874,4.660226,9.529914,3.590765,7
1569,4.648527,3.0675185,10.216431,2.6894567,3
1570,5.7464004,3.5092163,8.755115,3.0969157,10
1571,4.029895,4.0311136,9.220064,3.0690627,5
1572,4.464987,4.310693,8.995624,1.9473511,5
1573,4.091978,4.8745255,8.177174,2.941593,7
1574,3.239133,3.6944883,10.081755,2.1864922,2
1575,4.046882,4.7766757,8.372832,2.812183,5
1576,4.414592,2.5850718,10.578535,2.9641926,1
1577,4.958814,3.707822,9.827708,2.8124666,8
1578,4.8055835,3.4983218,9.991464,3.5758314,3
1579,4.394659,2.317213,10.739484,3.03681,8
1580,4.1021757,5.0297503,8.059411,4.4346137,1
1581,4.492129,5.4218917,9.46387,2.6359131,3
1582,4.2180085,0.83070964,9.076237,3.064947,5
1583,4.0999303,4.9774737,8.096421,4.5021296,5
1584,3.1380582,0.6421732,9.55099,3.008872,8
1585,4.5671754,0.8610963,9.201415,3.0567229,10
1586,4.414215,4.1551595,9.1571665,2.0554574,10
1587,4.669944,4.625344,7.833306,3.6285925,5
1588,4.323052,5.2236867,8.313776,3.8125052,4
1589,3.8104522,1.5303608,9.843913,3.2783747,8
1590,5.1190495,5.2442427,10.270327,3.563181,7
1591,4.5605497,2.5227828,10.757196,3.2685683,9
1592,3.158443,0.9351888,9.566742,2.5893044,6
1593,4.2991014,4.1692863,9.977995,2.2569997,7
1594,4.349598,4.500077,9.348647,3.5405097,8
1595,4.609552,3.8973877,9.771272,2.4730375,7
1596,5.316791,3.921237,8.783821,2.2709153,5
1597,3.1808095,3.4335675,10.108679,2.430112,8
1598,4.5329757,2.8445518,9.865752,2.2777436,8
1599,3.9485204,3.7847192,9.635464,3.1605632,1
1600,5.487196,3.8406267,8.395195,2.8683267,4
1601,3.752897,5.0013986,9.396126,2.3479366,7
1602,3.9414263,5.557056,8.708233,3.3654053,4
1603,3.6088839,2.0096352,9.600354,2.7328327,10
1604,4.6760497,4.883106,9.245954,2.8964894,2
1605,5.6639743,3.2852788,9.055588,2.7779398,3
1606,4.0599623,1.0786394,10.725955,1.9887168,5
1607,3.2534254,0.7794335,9.262883,3.2021763,7
1608,5.031273,3.7798696,9.827158,3.8159988,4
1609,4.0249543,3.3670475,8.708642,3.5798454,9
1610,5.379641,4.962937,8.994478,3.580986,10
1611,3.7760503,4.935821,9.281187,2.1070585,7
1612,5.472569,3.9494474,9.722253,2.6659536,3
1613,4.1030345,2.539273,10.2030735,3.7026646,8
1614,3.218281,0.68022215,9.412309,2.7144036,6
1615,4.912581,4.8836684,8.9191475,4.0709457,2
1616,3.5345147,4.1500707,9.336758,2.2534788,5
1617,4.160375,0.8415931,8.980519,3.143372,7
1618,3.932213,3.4687526,8.822862,3.31197,4
1619,3.3194926,0.69893706,9.327909,2.7131696,10
1620,5.074566,4.5380583,9.562373,2.0615313,5
1621,3.892109,4.6248794,8.750697,2.289129,8
1622,5.5045414,3.3836617,8.837888,2.6376371,4
1623,4.386429,3.7688313,7.8036585,5.2512946,9
1624,4.2986927,8.774672,6.1257114,-0.4525285,3
1625,4.397375,8.614678,6.276789,-0.31071717,8
1626,4.2402415,5.1768556,9.089644,2.665791,8
1627,4.0744605,4.3632846,9.442812,4.075038,8
1628,4.751889,3.2276359,9.787611,3.0113208,7
1629,4.0271254,4.495689,9.576215,3.770562,8
1630,4.0719943,4.6349645,9.52582,2.8915558,8
1631,3.1054463,3.864371,10.190751,2.4160063,4
1632,3.088025,0.8525976,9.375702,3.1819205,8
1633,5.361081,4.332708,9.602672,3.6455657,4
1634,4.3849344,5.301152,9.410514,2.3953116,8
1635,4.4117217,3.8008993,9.896751,2.089477,3
1636,4.526968,1.1611366,9.175481,2.9349265,5
1637,5.4779797,3.4123044,9.624547,2.5770285,3
1638,3.8256717,5.196085,8.480224,3.478271,8
1639,4.7878656,2.5867898,8.872092,2.9572327,3
1640,4.365958,2.7111452,9.532666,2.5878477,10
1641,4.5386972,2.3757634,10.249235,3.6225002,3
1642,3.842827,4.145362,8.808281,3.6651511,6
1643,5.386326,4.1346097,9.72728,2.6548753,3
1644,3.8671215,3.8443923,8.841567,3.521888,7
1645,4.6465282,4.28378,7.8530726,3.8639963,5
1646,5.195444,4.6104813,9.382543,2.7725286,3
1647,3.7750175,4.4400144,9.856835,2.3095427,6
1648,4.8642693,3.7109993,9.864605,2.3625565,4
1649,5.2506967,3.3857176,9.365583,3.1690805,4
1650,4.2477455,1.2907766,9.978997,2.5197058,8
1651,3.8844268,4.236336,10.152147,2.3181074,3
1652,4.142802,4.7351003,8.267394,4.355357,3
1653,4.3598576,3.126649,9.270538,3.7263856,4
1654,5.6135955,3.8739233,9.487514,3.1931605,3
1655,4.4251747,1.5818249,8.918491,3.59519,3
1656,3.2541945,3.5609286,10.141097,2.4437966,10
1657,4.007909,0.95711845,9.119322,3.0349483,4
1658,4.7823153,4.94907,8.967945,4.0181236,4
1659,2.9814606,3.8621445,10.088872,2.268543,3
1660,4.8740816,4.545273,9.118254,4.1673336,1
1661,4.1188917,2.996678,10.348013,3.1056585,9
1662,4.589533,4.270702,7.703962,5.276213,3
1663,3.3604112,0.78130853,9.514903,3.058446,8
1664,5.6661987,3.4787924,8.537994,3.1130242,1
1665,3.9510772,2.3918946,9.23175,3.4806952,3
1666,4.9597287,4.9400325,9.475324,3.5333207,5
1667,4.500087,5.0512233,8.672074,2.625739,9
1668,3.7683682,3.8072839,9.974878,1.9180511,8
1669,4.2375946,5.0600543,8.094645,4.437752,4
1670,5.036548,3.6294706,8.305984,2.6910229,10
1671,4.2280107,4.513035,8.313696,4.642671,1
1672,4.3078127,5.5038223,9.042945,2.7237477,7
1673,3.4356308,0.65855503,9.175667,3.0091329,7
1674,4.1125607,2.3759239,9.982802,3.646106,10
1675,5.4075203,3.6618435,9.080101,2.2595537,7
1676,3.6629074,0.72225654,8.941506,3.3042684,3
1677,4.548148,4.7728853,9.355671,3.5506742,10
1678,5.0826154,3.107286,8.867507,2.8365254,10
1679,5.1060023,4.0940404,9.644594,2.2993166,2
1680,4.6168885,5.5488133,9.366189,2.459458,4
1681,5.5422125,4.578652,9.395142,3.62067,3
1682,4.373735,3.935557,9.28697,3.1716545,2
1683,5.44456,3.776375,8.530239,3.9358072,9
1684,5.6992984,3.436796,8.736852,3.111069,7
1685,5.1021934,4.3300695,8.68364,2.179102,7
1686,3.3775592,4.6055746,9.622394,2.3589714,9
1687,3.1441443,0.6442505,9.286234,2.8890636,5
1688,3.134908,4.040054,9.923738,2.295323,10
1689,5.1699615,4.4579644,9.597074,3.6521387,4
1690,3.8095856,1.0231091,9.105893,2.7162914,8
1691,3.4190078,1.1121107,8.951429,3.0811794,2
1692,4.5923686,4.229889,7.736442,5.230541,10
1693,4.9219847,4.74923,8.455452,3.4246113,10
1694,4.229781,5.4749136,9.22731,2.4254048,5
1695,4.787579,5.3574166,9.124276,3.0542226,3
1696,4.6005096,2.7196834,9.711409,2.5996504,4
1697,4.877635,4.9596043,9.085927,3.166447,5
1698,4.198896,4.6756735,7.741196,5.0142465,1
1699,4.163202,5.217362,9.3232765,2.193193,10
1700,3.5613558,4.686666,9.676446,2.1376097,2
1701,4.1378345,0.91713685,9.077406,3.153154,7
1702,4.895478,3.166698,9.124012,2.877465,7
1703,4.5626154,3.9421444,7.892154,4.9979916,1
1704,4.562298,2.4169765,9.311691,2.7486746,4
1705,4.18031,4.0041604,9.235291,3.2731662,4
1706,4.6491823,4.823437,9.234311,3.6764903,9
1707,5.5441136,4.39774,9.1256,3.8878255,8
1708,4.5153813,3.8435771,8.347006,4.666443,1
1709,3.6509852,0.96777886,9.049472,2.9018378,8
1710,4.48177,3.4642854,10.071282,2.290136,7
1711,3.884681,5.3444653,8.967132,2.7359183,4
1712,4.2191305,5.3447976,9.245456,2.2650666,3
1713,5.024661,4.2182875,8.546004,3.6901488,10
1714,5.70839,3.5069737,8.962766,2.7723217,8
1715,4.5476217,5.0742726,9.46057,2.0682826,9
1716,4.0069194,5.451483,9.234691,2.7909722,3
1717,3.891808,4.690276,8.480918,2.898648,3
1718,4.710083,3.9522681,9.309653,2.071064,5
1719,5.428367,4.35726,9.387791,4.129111,1
1720,4.0660396,4.1896434,8.8887615,3.6531742,1
1721,4.5270033,3.3256881,9.377198,2.9607267,9
1722,4.0326457,2.4118836,10.121157,3.6257508,4
1723,4.264383,4.2676916,9.905692,2.208496,10
1724,3.2979035,3.766616,9.895188,2.2815268,1
1725,4.767554,2.8348677,9.959724,3.883551,2
1726,3.9234254,4.014723,8.62458,3.6332824,8
1727,3.0755599,0.8089684,8.8866625,3.2730756,6
1728,4.5394115,2.4494255,10.722048,3.260178,8
1729,5.6944613,3.9219656,8.167149,3.6882467,4
1730,3.7514462,0.9164763,9.636867,2.4950101,8
1731,5.231149,5.233512,9.496789,3.810091,5
1732,3.281881,0.7781561,9.176994,3.2424057,1
1733,5.216752,5.4845095,10.511215,3.512575,3
1734,3.8865104,4.040921,8.877981,3.0212903,1
1735,4.540109,3.731272,10.014156,2.0371811,10
1736,5.744745,3.4888554,8.514089,3.292153,8
1737,4.2734265,3.5136325,8.994418,3.7491674,10
1738,3.8373883,4.110645,8.960909,2.6637874,10
1739,4.0228963,5.062797,9.724206,2.922639,10
1740,4.740691,2.454855,9.579926,3.7677782,3
1741,4.423287,2.220035,10.704177,2.7753887,3
1742,4.3672643,5.4728484,9.084991,2.8771586,6
1743,5.598966,4.4869804,8.975724,3.6362574,5
1744,3.2193825,3.755806,10.287299,2.4842167,3
1745,4.593783,3.9937449,8.268351,4.1760216,10
1746,4.4853773,2.6146677,9.466895,3.7810438,10
1747,3.888725,5.0766134,9.665309,2.3765094,4
1748,4.2936935,3.4761546,8.404851,3.4609575,4
1749,3.260799,0.68733335,9.298693,2.7057815,2
1750,3.195115,3.6831484,9.937159,2.4700103,8
1751,4.3522234,2.4831529,10.568747,3.1145616,1
1752,4.9630256,4.5058274,9.594777,1.9700867,4
1753,4.483502,4.384668,8.907388,4.0848355,3
1754,3.7772593,5.0585284,8.849889,2.8201952,4
1755,4.216188,1.722687,9.30941,2.6519415,6
1756,4.040393,1.3006352,9.047936,3.160694,5
1757,4.0117297,1.8641421,9.465785,2.9721155,8
1758,3.9869099,3.9029706,9.547506,2.287762,8
1759,5.1472745,3.7066803,9.632492,3.759767,3
1760,4.1903257,4.9754353,8.000271,4.5887194,3
1761,5.1964417,3.6930315,8.375407,2.724758,7
1762,5.394913,4.97941,9.005841,3.1177495,10
1763,3.9673617,5.2424393,9.401617,2.3537846,4
1764,5.280855,4.477972,8.936431,3.5055842,2
1765,4.3784966,4.0623903,7.5676804,5.377747,7
1766,4.6154504,3.8880062,7.764464,5.078578,3
1767,3.8080602,4.1891613,9.4974,1.9092561,10
1768,4.0763946,1.1636624,8.973856,2.9529963,9
1769,3.48894,0.7653478,9.247125,3.042262,3
1770,4.089868,0.81989044,9.119667,3.1203263,10
1771,4.776728,2.7089732,10.369602,3.4278224,7
1772,5.3888516,3.7048626,9.002969,2.1530335,5
1773,5.088097,4.4799542,9.571489,2.008285,1
1774,4.2169976,1.8706238,9.6327715,3.4559765,10
1775,5.061886,3.857655,8.857102,2.2926173,10
1776,5.207481,3.1324313,9.735512,2.9331844,10
1777,3.4146907,1.0714346,9.608341,3.1507738,4
1778,4.873019,3.9883485,9.226135,3.6967745,5
1779,5.367229,4.1872153,8.835863,2.3979926,4
1780,3.5212154,3.8346384,10.038194,1.9836762,4
1781,5.1135697,3.5819159,9.729434,2.3147633,4
1782,4.5700126,4.864732,8.750869,4.000226,1
1783,4.461216,2.909492,8.987554,3.5063498,10
1784,4.182749,3.319993,8.112171,4.367566,5
1785,4.830592,4.014365,9.81811,2.0268886,8
1786,3.826314,0.8169544,9.280567,2.8878303,8
1787,3.3354187,1.0869172,9.308388,2.6984055,8
1788,4.352161,5.451788,9.023412,2.644612,5
1789,3.7887986,4.164208,8.715772,3.151299,10
1790,4.1064267,4.1662354,9.491277,3.9260705,4
1791,3.3104088,1.8106346,8.644194,3.7167618,5
1792,3.9624026,1.6785223,8.909758,3.2272804,5
1793,5.614513,3.486522,8.559695,2.8892212,9
1794,3.1522071,3.8534756,9.821645,2.551879,5
1795,4.713986,4.8088098,8.869385,2.5682864,8
1796,3.864157,4.870647,8.559022,3.4369996,5
1797,4.3994527,3.8106387,9.071238,3.2401426,2
1798,3.2327836,0.893508,9.191889,3.131364,4
1799,4.3276505,4.5211616,7.580784,5.2673903,6
1800,3.8343804,4.975972,8.563844,3.630248,5
1801,5.1970572,3.2171948,9.025245,2.8386056,6
1802,4.3309836,3.79635,8.19862,3.955692,7
1803,4.644279,4.3820906,8.103315,2.8329034,2
1804,4.830717,4.2327495,9.588639,2.2328074,3
1805,3.684315,4.702186,9.812604,2.143925,2
1806,3.5358374,1.0411807,9.710706,2.9361906,8
1807,4.234627,4.668443,7.899398,4.8060555,1
1808,4.318765,2.143538,9.306856,2.9259067,2
1809,5.7004128,3.7663124,8.342495,3.4350908,8
1810,4.6205087,4.401572,8.016505,3.4095416,8
1811,4.0322504,4.7783313,8.320833,4.347277,8
1812,3.443208,3.4157197,9.823095,2.424376,8
1813,4.096742,5.464277,8.39051,3.6219604,1
1814,4.1678967,4.972393,8.183618,3.6522305,3
1815,4.940811,2.942771,8.803016,3.4066994,9
1816,3.1688848,0.62909627,9.535704,3.0962987,10
1817,4.119836,1.2812881,10.489619,2.2008755,3
1818,4.6342244,3.3731596,10.456128,2.8152637,10
1819,5.4892926,3.404366,8.73643,2.8099892,3
1820,4.242449,3.7500603,7.8877096,4.9369946,3
1821,4.6625557,5.202768,9.402134,2.7497933,8
1822,4.457788,0.9138287,9.10457,3.1077776,6
1823,4.344352,1.2366288,8.821565,3.304264,8
1824,3.8232143,4.4461637,9.772161,2.1365073,5
1825,3.9546497,4.334799,8.820181,2.56751,3
1826,3.8734193,1.3093342,9.828605,2.450772,7
1827,5.374628,4.1786275,9.185982,3.703117,1
1828,4.378894,4.1364346,7.527125,5.4342494,4
1829,3.5172734,0.9076898,9.120983,2.8799164,9
1830,4.2160606,5.163626,8.21854,4.1604404,5
1831,4.452909,5.081412,8.378843,3.9428232,5
1832,4.3593354,4.020766,8.789099,4.6783447,4
1833,3.9464428,2.4909751,9.865662,3.1986043,6
1834,5.6313,3.689245,9.515888,3.0123088,2
1835,4.964713,4.9345264,9.086983,3.992039,8
1836,3.4958792,1.3107808,9.897257,2.9792612,7
1837,3.397814,0.83366007,9.380167,3.2259843,8
1838,4.159441,2.5433369,9.661026,3.7058613,3
1839,5.5569606,3.6758533,8.068548,4.123529,8
1840,4.529576,4.6671085,9.590158,3.2284482,4
1841,5.313513,4.0032535,8.79401,2.848424,9
1842,4.0784855,0.88392085,9.088431,3.1250045,7
1843,3.9415145,5.046761,8.322318,3.8040524,8
1844,4.276041,4.0937495,9.549475,1.7457093,7
1845,3.2794714,0.6535985,9.401237,2.7806756,6
1846,5.3278613,3.665701,9.4292755,2.9759426,8
1847,4.5556765,2.8821986,10.428033,2.3489664,4
1848,4.3459244,5.33102,8.982446,3.687183,4
1849,3.8639712,4.713698,9.363736,1.9815345,8
1850,5.6258354,4.3560686,9.035287,3.6628258,6
1851,3.8645654,5.311389,9.600781,2.472046,10
1852,4.692371,3.9325361,9.779497,2.1201992,10
1853,5.440807,4.0133233,8.736804,2.3526638,9
1854,5.6392283,4.5287485,9.162847,3.807665,10
1855,3.6900475,4.5025506,9.367783,2.077199,6
1856,3.9606543,4.5694623,9.313311,2.019117,5
1857,4.885026,4.1706967,8.891002,2.7850604,4
1858,4.4409957,2.0447848,9.181009,3.8881452,9
1859,4.0274343,3.5363374,9.520287,3.8663452,9
1860,4.615507,3.1222956,9.707684,3.933272,1
1861,4.199915,3.8326104,9.058623,2.7041082,7
1862,4.6537175,2.86785,9.061258,3.873237,10
1863,5.0638294,4.867331,9.25101,2.8547955,8
1864,4.9093533,3.134164,9.038813,2.6965725,6
1865,5.246888,5.156214,9.423692,3.9148839,3
1866,4.060752,5.1701446,8.362733,3.7423267,2
1867,4.8165855,4.453968,7.9477677,3.6431882,3
1868,4.7950974,4.2124634,9.091004,2.5213816,3
1869,3.6746266,4.1538806,9.204106,3.3037868,4
1870,3.8765588,5.4294295,8.70948,3.2247972,7
1871,4.3320136,4.70757,8.380718,2.6727564,5
1872,4.131459,3.581907,8.79224,3.5895474,6
1873,5.217918,3.1910007,9.56638,2.4109895,2
1874,3.3031886,0.5772436,9.236642,3.1076455,6
1875,4.577139,3.291263,10.348437,2.7750604,3
1876,4.2874117,3.739953,9.69512,2.2319727,2
1877,4.1455464,3.6346939,8.088712,4.5097065,10
1878,4.461166,4.565455,8.929999,4.1560955,7
1879,4.0734653,4.680493,8.470299,2.6846688,5
1880,4.192024,2.0263603,9.054141,2.698184,4
1881,4.302913,4.683254,7.765379,5.0362034,9
1882,4.6647854,4.626012,8.283541,2.5775936,1
1883,3.2353973,0.8013172,9.455398,2.6777365,10
1884,5.3673253,4.5655637,9.760376,3.9671068,7
1885,4.059521,2.4180415,10.06873,3.614673,10
1886,3.2740664,0.8224102,8.989683,2.9038098,4
1887,3.2977388,0.9853901,9.11718,2.9516833,8
1888,4.331179,5.12241,8.953505,2.3810983,7
1889,4.613373,4.406505,9.303432,2.2660134,8
1890,4.398294,3.685464,7.66239,5.330148,2
1891,4.564792,4.9259615,8.692007,3.56054,7
1892,3.0493634,3.7102816,10.314105,2.178705,9
1893,4.708884,3.6451054,9.295323,4.0718703,3
1894,4.630349,2.4206984,9.787188,3.81105,4
1895,4.3210917,3.3463736,8.976299,3.2989864,10
1896,4.6523876,2.409469,9.416348,2.5139852,4
1897,4.48152,2.648946,9.299985,3.4420109,5
1898,5.479396,3.4959254,9.42506,2.6316667,9
1899,4.070426,5.0763063,8.52265,3.0286736,10
1900,4.1051264,1.8362626,8.9332285,2.8986824,8
1901,4.1065273,1.2067019,10.582258,2.132603,3
1902,4.652172,4.305885,7.9027987,3.970659,3
1903,4.3023653,4.033577,9.67993,2.4384115,1
1904,4.6544366,3.3911755,10.47882,2.8766243,8
1905,4.4636183,2.2128007,10.751407,2.8000424,4
1906,5.317508,5.4991813,10.612096,3.6520786,3
1907,3.316431,1.0639466,9.682929,2.7546375,4
1908,5.222947,4.3848376,8.883239,3.4157043,10
1909,4.9603524,4.033198,8.0920105,4.7548513,3
1910,4.0106635,5.338203,8.895738,3.8853364,5
1911,4.674011,5.11691,9.301279,3.581383,6
1912,5.6190624,3.5919118,8.380993,3.727947,5
1913,3.8153787,5.4844766,9.070648,3.023931,8
1914,4.4545593,2.2493882,10.682485,2.7440236,1
1915,4.316456,5.1164265,9.034083,3.3530242,4
1916,4.379429,4.4953737,9.6069,3.6622367,7
1917,3.2319648,0.64748526,9.35401,2.803911,6
1918,5.550323,3.7784922,9.5211315,2.694521,10
1919,5.4712496,4.305512,9.142309,3.9801798,9
1920,3.9722073,5.4362254,8.569977,3.4140809,5
1921,4.0726395,2.063279,9.2375765,2.921257,7
1922,3.7262948,1.0678102,9.631787,2.3948803,8
1923,5.4867406,3.3587272,8.720053,2.8682652,8
1924,4.7122326,3.7880425,8.874864,2.0721252,9
1925,4.355766,1.3110738,8.873511,3.3202457,3
1926,3.9709713,4.6517754,8.70517,3.294857,4
1927,5.6577635,3.6444058,8.245541,3.7124455,2
1928,4.8997397,3.0111625,9.698665,3.2143981,5
1929,4.0779,4.203927,10.10491,3.4465277,3
1930,4.527054,4.240978,8.982449,2.1460557,8
1931,4.414567,3.770552,8.548334,2.7784035,9
1932,3.657231,3.3112447,9.340155,2.3325262,4
1933,4.4128504,3.8248742,7.97697,5.0491486,4
1934,5.3212843,4.1092772,9.184345,3.7176297,2
1935,4.5366197,4.5747323,8.645719,4.1689553,9
1936,5.059959,4.450379,9.645096,3.2965128,3
1937,4.129091,4.534566,8.121773,4.555381,3
1938,3.5576432,0.7428314,8.9447365,3.3349009,7
1939,4.852158,5.1196146,9.522965,2.16703,3
1940,4.6102977,2.6411219,10.656132,3.2813358,6
1941,4.258572,4.9634857,8.417393,4.4552884,10
1942,4.240598,3.926675,8.7277355,2.995046,1
1943,4.7836437,4.7958393,8.083511,4.216138,8
1944,4.7768245,3.2277722,10.327966,3.5251503,3
1945,3.7855442,1.0732783,9.343394,3.0777888,10
1946,3.5432303,0.67106736,9.489864,2.853601,4
1947,3.7956023,4.031838,8.731044,3.143238,3
1948,4.3330913,5.1616993,9.299809,2.196345,8
1949,4.5000157,4.4640927,9.509245,2.0891402,3
1950,5.213119,3.6941926,8.411727,2.679905,3
1951,5.5017943,3.3518238,8.733416,2.885012,4
1952,4.3603463,8.7030945,6.1970925,-0.38132262,4
1953,4.04557,1.3597434,8.999922,3.0363457,7
1954,4.034455,4.467494,8.523296,4.3490148,1
1955,4.6493425,2.470253,9.744956,3.8251786,8
1956,4.372068,5.389784,9.068539,2.7883718,8
1957,4.583236,4.1730795,8.392327,2.654167,10
1958,5.3797913,4.1537967,9.161823,3.7200253,3
1959,4.457682,4.0752134,7.6836195,5.132898,4
1960,3.984812,3.8120701,9.871589,2.0771244,10
1961,4.1642966,1.3453668,9.042323,3.0537448,8
1962,5.3586135,3.600913,9.532157,3.1744883,1
1963,3.9831705,1.9532266,9.408918,2.510461,7
1964,5.6331134,4.53657,9.314871,3.5330803,4
1965,4.165555,4.2354383,9.517804,3.437267,8
1966,4.071995,1.2385353,9.643889,3.0390956,5
1967,5.3109536,3.7259376,9.540106,3.1849554,8
1968,3.5406377,1.0628979,9.670256,2.9485416,9
1969,3.746797,2.7670586,10.134532,2.3449202,4
1970,3.4831336,1.020016,9.480755,2.3579154,4
1971,4.074201,4.189431,9.581293,3.8988347,8
1972,4.508119,2.3985906,9.531952,3.6700099,3
1973,3.8727667,4.944939,8.275813,3.710611,8
1974,3.8658483,4.089839,9.330453,2.2534137,8
1975,3.1294994,2.9736097,10.085953,2.3978138,7
1976,4.345609,8.725343,6.1751037,-0.40373468,10
1977,4.0222898,4.786006,8.769722,4.222514,10
1978,3.2448819,1.1175592,9.360249,3.1889844,9
1979,4.321651,3.904684,9.070042,2.4134464,3
