,Component_1,Component_2,Component_3,Component_4,IntClustMemb
MB-6152,2.5728052,1.9620032,10.863668,3.0107758,10
MB-0100,2.7512345,1.5537761,11.4806795,3.148315,10
MB-0642,2.1136446,0.5778188,10.137695,1.1960766,8
MB-0242,2.666867,1.1413068,10.120597,1.4712057,8
MB-5656,2.1368506,0.39741516,10.899685,2.7696364,3
MB-0589,2.296634,0.79148346,10.107114,1.4153594,5
MB-7018,2.4011474,1.0267829,11.215067,1.9399616,9
MB-0211,2.1164181,1.4280074,11.32206,2.2542498,9
MB-0616,2.806512,0.91457266,10.091166,1.5420133,7
MB-5027,3.2036414,0.554147,10.112042,2.1877728,3
MB-0383,2.2054217,1.0102102,10.74497,2.5054727,1
MB-0345,1.6018797,0.88947695,10.827204,2.2392588,3
MB-4426,3.1709337,0.4482864,9.549924,3.4653404,7
MB-0176,1.6444631,1.2128127,10.554569,2.203145,1
MB-0368,1.5822498,0.8190567,10.422604,1.8921461,2
MB-4827,2.8534343,0.05507876,9.89889,1.8600184,3
MB-0421,2.6488278,1.148966,9.987429,1.6494797,5
MB-4828,2.4957688,0.2895791,10.362897,2.0584543,1
MB-2764,2.2374163,1.0207372,11.837533,2.6395307,4
MB-6281,1.6748704,0.5240584,10.305278,2.2473435,6
MB-3079,2.984763,0.57306194,10.271889,1.532836,8
MB-6001,3.0052423,0.6084912,10.647095,2.8274906,3
MB-0222,1.9051327,1.4746585,10.910941,2.5884852,4
MB-0510,2.0709994,1.4723402,10.15112,2.0842612,9
MB-2765,2.5841758,0.84976506,10.859043,1.2411546,3
MB-2626,2.61348,1.2327285,10.928507,1.2138162,5
MB-6263,2.280557,0.7706064,10.803832,2.8083856,4
MB-2735,2.5883334,1.1547561,10.613639,1.5555928,6
MB-0569,1.9518125,1.444763,10.937619,2.0232594,4
MB-5395,3.2667527,0.15733896,9.945222,2.3165476,3
MB-5278,2.2202578,0.47964585,11.238604,3.0144048,4
MB-5428,2.208161,0.4570433,10.562669,3.0982947,4
MB-6237,3.0310142,1.508854,11.389728,2.917754,10
MB-4872,2.8668938,0.49030352,10.810094,2.4380057,3
MB-4883,1.7229327,0.8989836,11.05509,2.3253405,7
MB-0513,1.7590153,-0.093464315,10.615663,1.6927261,9
MB-0036,2.1434102,-0.07552652,10.518628,1.9524112,3
MB-4639,2.5918963,0.59599966,9.64486,2.4183757,9
MB-4651,2.328452,1.281028,10.483397,2.5691442,6
MB-0614,2.1143522,1.5524895,10.434643,2.2800593,6
MB-0462,2.418825,1.8808825,10.9617605,2.9839022,5
MB-0128,2.7173424,0.76206553,11.056082,2.601786,3
MB-0316,3.0689468,1.9710294,11.052821,3.0404546,10
MB-5593,2.8724747,1.2229141,10.598408,3.450887,5
MB-4823,2.6704624,1.2073328,11.466,2.2349455,5
MB-7095,2.1224425,0.37860453,10.003724,1.5503671,8
MB-3181,1.7232964,0.8485381,10.441159,2.275198,2
MB-5259,2.7157457,1.2746044,10.656839,3.286836,5
MB-3381,2.2547126,1.4529784,10.346236,1.8199627,7
MB-7009,3.084685,1.5793945,11.101791,2.0314028,10
MB-0285,2.073384,1.139645,11.903058,2.7191226,4
MB-6080,2.500303,1.7830998,11.11521,3.5431397,4
MB-7065,1.5780176,0.84049135,10.132224,2.6338203,9
MB-4750,3.076134,0.46436414,9.767746,2.1161036,8
MB-3383,2.9922035,1.4274094,11.035438,2.1293147,10
MB-4266,2.2448566,0.3703373,10.048789,3.023406,6
MB-7082,2.844351,0.49837494,10.768677,2.5529988,5
MB-0188,2.4171903,1.1690303,11.033242,1.9225163,3
MB-5100,3.1254652,1.9001185,11.206411,2.81247,10
MB-7168,1.5384793,0.8066193,10.716352,2.3574662,7
MB-3492,2.9367058,0.74229884,11.083421,1.7043166,1
MB-3490,2.9521725,0.7202442,11.120259,2.0713847,3
MB-0440,1.5522686,0.7498524,10.640593,2.0444357,1
MB-5482,3.1552322,1.4403293,11.180095,3.0379763,10
MB-0227,2.4806387,1.0878189,10.409542,1.1917326,8
MB-0381,2.1629298,1.4750992,10.845458,1.9019068,5
MB-0346,2.1981628,1.2842771,10.097018,2.3262691,5
MB-7237,2.5664866,0.9546301,10.25616,2.6445181,9
MB-5407,3.2117734,0.3717129,9.961503,1.9440947,8
MB-2929,1.848447,1.2950636,11.1490135,2.4751058,4
MB-0129,2.2261083,1.5706346,11.16393,1.9508907,5
MB-4970,2.9540856,0.3843631,10.280028,1.487577,8
MB-3363,2.9433873,1.0268073,10.524324,1.8471102,10
MB-5041,2.6934786,1.6823477,10.9267845,3.4706182,2
MB-7007,2.9758196,2.067382,11.271032,2.874645,10
MB-5602,2.458773,1.7676942,11.0765295,3.1099718,10
MB-5086,2.4751415,-0.055657763,9.736758,2.4271457,8
MB-0294,2.4502916,1.2346815,11.467334,2.7745566,4
MB-0583,2.1633892,0.13061607,10.253548,2.0940595,3
MB-6144,2.7749772,1.8534032,11.168522,3.4221,10
MB-0364,1.7090963,0.9375139,11.116025,2.2290492,4
MB-5205,2.780115,1.9025912,10.830456,3.196631,9
MB-7235,2.658302,0.23360631,9.797054,1.8877939,8
MB-7109,2.539139,0.12510797,10.663613,1.9650965,2
MB-4716,2.9196546,0.9214854,10.152972,2.7605631,3
MB-5161,2.223613,0.62603956,11.459615,2.8604484,4
MB-7264,2.6980104,0.9525695,10.560709,3.1572816,4
MB-7034,1.9533582,-0.034506105,10.472854,1.6571356,3
MB-6257,2.8965244,0.357922,9.791236,1.7412691,8
MB-5079,2.5466182,-0.010483368,9.8723,2.158781,8
MB-3874,1.7260674,0.76834285,10.70367,2.2783883,7
MB-7089,2.7559297,1.6988705,11.205335,3.4089582,10
MB-0320,2.1243668,0.5930531,11.322908,2.1641223,3
MB-5267,2.3603008,0.7383259,10.993976,3.0578773,2
MB-5390,3.390985,1.84638,11.196542,2.7425432,10
MB-0658,3.156137,1.9272254,11.117066,2.9838111,10
MB-0448,2.4308214,0.67758226,9.997839,1.5444235,1
MB-0444,2.9590445,0.329047,9.965568,1.9739898,8
MB-0568,1.5261966,0.8099207,10.692791,2.191434,7
MB-7087,3.356652,1.862764,11.077212,2.951648,10
MB-6183,2.3549771,0.3013938,9.8986635,2.2813985,8
MB-3153,3.121242,0.79468817,10.503266,2.8860667,10
MB-4869,3.047028,0.1819682,9.540125,2.5712554,8
MB-0197,2.1776214,1.6749611,10.703137,2.0400703,9
MB-3437,1.8056314,-0.29641017,10.672755,1.8373271,4
MB-6346,3.103489,0.2245008,9.67374,2.378869,8
MB-0413,2.0743566,0.44673085,10.52113,2.1704304,2
MB-4687,2.582952,1.6367135,10.903577,3.4199855,4
MB-5219,1.9211383,0.25803435,10.765636,2.4917908,4
MB-7074,2.3593037,0.32529467,11.1923275,2.3974802,4
MB-5331,2.421101,0.10892915,10.572186,2.6291056,2
MB-5121,2.661001,0.23891279,9.819253,1.6324893,8
MB-4212,2.70133,0.20139425,10.226031,3.0670073,4
MB-6026,2.7419794,0.52289665,9.817169,3.004095,1
MB-5393,2.4709551,-0.05460701,9.85298,2.889101,7
MB-5273,2.1764326,-0.22219586,10.454492,2.3372948,6
MB-5152,1.8648713,0.3195772,10.054458,2.6561358,7
MB-3035,1.7244594,0.4927456,10.796191,2.4652436,7
MB-5160,2.219755,0.2481432,9.734533,2.082167,8
MB-3295,2.3746295,0.7594047,11.564965,2.433265,4
MB-0366,2.8774226,0.6071277,9.983553,1.3585067,8
MB-0134,2.2677011,0.46114203,10.389213,1.3198756,8
MB-7023,2.7765083,1.8861365,11.52358,2.5240517,10
MB-0872,2.3022454,1.3732281,10.064691,2.2155643,7
MB-0377,2.4938197,0.7904888,11.365449,2.5176103,4
MB-0475,2.673585,0.84474367,9.8946,1.7116278,9
MB-5386,1.8925756,0.91329634,9.851521,2.4920228,7
MB-0574,2.6080596,1.0436478,9.7238035,1.8095531,2
MB-6195,2.71595,0.47356385,10.871348,1.8158941,3
MB-7207,2.2855332,1.6380863,10.943022,2.8782666,1
MB-5640,1.9456372,-0.12025541,10.801751,2.31524,4
MB-4993,2.1748083,1.24505,10.858103,3.124846,4
MB-0591,2.2275805,0.53017354,10.264541,1.4053491,8
MB-0169,1.9854523,0.8529085,11.381188,2.702152,4
MB-7232,2.1493523,0.13166581,10.051966,1.7523463,8
MB-4375,3.160088,0.29484367,9.682273,3.147929,3
MB-0877,2.1078193,1.2563534,10.275083,1.6433948,6
MB-0641,2.109732,1.0753305,11.809111,2.8544302,4
MB-5059,3.1404529,0.38728714,9.95397,1.915712,8
MB-4838,2.644419,0.37223336,9.595535,1.9728062,8
MB-5366,2.926478,0.96379465,10.186538,2.6834126,5
MB-0264,1.6348716,1.2257402,10.622534,2.16252,9
MB-5435,1.8598212,0.6637221,10.101752,2.6616342,9
MB-3013,2.4212332,0.95864606,11.423958,1.5310662,4
MB-0168,1.9902612,1.3059436,11.47944,2.3425186,4
MB-0660,1.7815608,1.2491622,10.75031,1.9825729,10
MB-2750,2.6813786,0.71684885,10.599747,1.1826013,8
MB-0659,2.2712967,0.5090347,11.411901,2.858161,4
MB-0266,2.390882,0.9955498,11.077633,1.5432588,8
MB-0496,2.2119188,0.609394,11.278336,2.338429,3
MB-5481,1.735943,1.1893728,10.285148,2.4195683,6
MB-2951,2.6232002,0.95242494,11.432144,1.4700564,1
MB-0236,2.047938,1.457511,10.995668,2.114157,5
MB-4640,2.2540064,0.53396827,10.314314,2.9273567,7
MB-3292,2.9866736,1.8233074,11.383887,2.733373,10
MB-0053,2.4689617,1.1365091,11.407054,0.843469,7
MB-0253,1.80403,-0.23539512,10.758302,1.9679953,4
MB-5385,1.9597974,-0.21240185,10.600303,2.0933993,4
MB-5107,1.9361961,0.74413794,9.72858,2.6279116,1
MB-7055,3.1455483,0.4958396,10.612909,2.4302537,10
MB-3050,2.1271734,0.25887942,10.732803,2.7119448,2
MB-2840,2.84012,0.6133249,11.355784,1.8091549,3
MB-7123,2.518688,0.14213917,10.837574,2.0320952,1
MB-5440,3.1373165,1.9042839,11.027007,3.1087463,10
MB-5350,2.5350208,0.5614808,10.880098,2.567225,4
MB-5447,2.6640735,1.2338637,10.386548,2.3052022,6
MB-4655,3.1998615,0.4462796,9.8865595,2.8526177,3
MB-7157,2.9663534,0.20928131,9.748619,1.7086377,8
MB-0869,3.3264315,1.8097521,11.339181,2.727696,10
MB-5530,2.9293492,0.73389596,10.647366,2.7648606,7
MB-5127,1.8469783,0.6212259,9.779288,2.0835514,1
MB-7289,2.242454,1.0266538,11.433121,2.2226074,4
MB-5592,3.1028016,0.35020578,10.028198,1.8344275,8
MB-4801,3.092961,0.6593929,10.65563,1.5156999,8
MB-5120,2.5564303,1.1581198,10.53917,3.2083309,5
MB-6329,2.3500028,1.2978908,10.2659645,2.833989,9
MB-2618,2.549916,1.04085,10.879616,1.3127881,1
MB-4757,3.0442436,1.7998338,10.924309,2.8528936,10
MB-5196,2.1469378,0.49061444,10.030945,2.7795231,7
MB-5370,2.0428476,-0.080572814,10.0704565,1.927671,8
MB-5579,2.986016,0.6470629,10.638871,2.1873236,2
MB-0162,1.7093302,0.60134166,10.712459,2.1302855,7
MB-4140,3.2076252,0.31382003,9.539117,3.0607316,8
MB-6060,2.2519195,1.5472096,10.4352045,2.5065744,5
MB-0506,1.9584004,1.4125375,10.595906,2.6233263,9
MB-0248,2.8274372,0.42344373,10.041692,1.2433951,8
MB-7234,2.35583,-0.093267195,10.295611,2.3925533,6
MB-2796,2.5044973,0.68269837,11.4093895,2.3363912,2
MB-0204,1.9857067,1.1605526,11.104294,1.8467324,3
MB-5384,2.257076,0.8908593,9.888302,2.7096102,1
MB-5049,2.6235404,0.7799256,9.616747,2.2338402,8
MB-6163,2.6918848,-0.104205,10.145385,2.5280988,8
MB-6135,1.8575878,1.086289,9.871919,2.669043,9
MB-5070,2.7061868,1.8521376,11.139005,3.303131,10
MB-7114,3.207231,2.0265574,11.162632,2.884927,10
MB-0663,1.8986149,1.4529053,11.04962,2.4361558,5
MB-0546,2.132602,0.9036823,11.497683,2.5073767,3
MB-3266,2.3691723,1.2976915,10.783775,1.3779906,1
MB-0156,2.2309458,0.8924245,11.781867,2.7611156,4
MB-4764,3.074814,0.3853876,10.099925,2.231497,3
MB-2795,2.462706,1.3257108,10.750109,1.4945822,1
MB-4930,2.7093184,1.2250344,9.841609,2.2288175,9
MB-6233,2.5843794,0.5761977,10.045273,1.8407475,8
MB-2970,2.7911906,0.98821324,11.569191,1.6877686,4
MB-0214,3.2942698,1.4935973,11.28342,2.8447862,10
MB-5291,1.7880418,0.8702412,9.784882,2.7227473,9
MB-4715,3.2475798,1.490606,10.746059,2.8966358,8
MB-4696,2.9302425,1.3079653,10.987728,3.158188,10
MB-0516,3.2103167,1.784233,11.384423,2.8519728,10
MB-5062,2.3235114,1.3070971,10.542944,3.1792843,1
MB-0491,1.9574587,1.4323319,10.782041,2.3239856,4
MB-5063,2.3270755,1.3516986,11.128698,2.1700044,5
MB-5011,2.8782563,0.049144585,9.885597,2.5981357,3
MB-7141,2.2979248,0.1729757,10.805211,2.6710129,7
MB-5130,2.3518715,0.73491985,10.398443,2.8716152,7
MB-6079,1.945268,0.8483926,10.122655,2.4895225,9
MB-7092,2.5406742,0.7097259,10.779023,2.681251,1
MB-7171,2.6480126,0.38185832,10.614318,2.2810042,9
MB-5633,2.5543025,1.7643383,11.2309675,3.4128273,4
MB-0360,1.6381676,0.42996666,10.133728,2.3177314,7
MB-7079,2.2137241,1.0581535,11.806957,2.703273,4
MB-3355,2.785923,1.3338969,10.8120365,1.5839624,5
MB-4832,3.0439255,0.49807736,10.389745,2.1662552,3
MB-0112,1.9360888,1.0055177,10.920727,2.057789,3
MB-2923,2.933971,1.1709135,10.600419,1.8722743,5
MB-6185,2.6999664,0.02738175,10.669581,2.5548875,3
MB-5124,2.5803697,1.0756783,9.752758,2.233002,6
MB-0434,2.2448394,1.1162467,9.964111,1.7560525,5
MB-4289,3.276563,0.21637785,9.42053,2.9819462,2
MB-7058,2.5282292,0.40857032,11.143505,2.3539445,3
MB-4721,3.1245656,0.06860568,10.175078,2.2677948,8
MB-0020,2.1032417,1.1668073,11.261316,2.558895,4
MB-0056,2.402721,1.2124074,11.343319,0.7813821,1
MB-0386,2.5646396,0.77760863,10.445671,1.9985964,9
MB-3103,2.0745158,1.3068562,10.564168,2.0907817,5
MB-7267,3.213561,2.0091233,11.172517,2.9516473,10
MB-0235,1.817246,0.54403126,10.392618,1.6970276,8
MB-2848,2.9218998,0.7766901,11.253322,1.494046,3
MB-2984,2.9277864,1.2950066,10.413169,1.5413457,9
MB-3528,2.7645953,1.1260216,11.205265,1.7938565,5
MB-6286,2.422891,-0.06106222,10.035351,2.2763925,3
MB-7200,2.7096195,0.33688328,10.38368,1.2462722,8
MB-2867,2.5935001,0.84728485,11.527436,1.5952306,4
MB-4390,3.1139414,0.10867267,9.785367,2.4679363,8
MB-6214,2.8884087,0.03519319,10.188559,2.3467944,3
MB-0596,2.1261806,1.5542461,10.295738,1.9453503,3
MB-5258,3.3380945,1.5459511,11.198536,2.6639707,10
MB-4621,3.147165,1.5188475,10.592892,2.7367501,10
MB-0238,3.1163256,1.8858842,11.109065,3.1713212,10
MB-2863,2.5218089,0.54566175,11.445615,1.7538201,4
MB-5532,1.982332,0.589831,9.84219,2.9380066,7
MB-5529,3.186473,1.85923,10.977211,2.928565,10
MB-5483,2.395715,1.4340867,10.640529,2.7658374,5
MB-7165,3.2847202,1.8434464,11.175618,2.561114,10
MB-0499,2.1953437,1.6990836,12.07413,2.7825475,4
MB-2966,2.8598876,0.7565784,10.944467,1.2251703,8
MB-0116,1.7770296,1.1228478,11.037737,1.9751275,6
MB-0552,1.8230275,1.4246676,11.106526,2.010307,5
MB-0653,2.4692361,1.2121104,9.960556,1.684792,9
MB-0340,2.8951347,1.9138486,11.133813,2.8953407,10
MB-0106,2.9632013,0.4494242,10.396005,1.8178558,8
MB-5324,2.7943177,0.2741685,10.358648,2.4612627,3
MB-5154,2.5030475,1.1196989,11.010055,3.2386813,3
MB-3300,2.0191133,0.5440719,10.97567,1.7843624,7
MB-5641,1.9999907,0.9189383,9.928052,2.8654656,2
MB-7035,1.8009745,1.4394876,11.015357,2.1662998,5
MB-0039,2.38312,1.0817715,11.367638,0.8179656,4
MB-5315,2.7075727,1.5857764,10.912978,3.3697436,4
MB-3357,2.949033,0.965485,10.30832,1.4411273,9
MB-4298,3.1707144,0.2070218,9.853054,2.645177,9
MB-6169,2.3674326,1.6477003,11.044603,2.815755,4
MB-7283,2.6642997,0.062181637,10.297257,2.0487325,6
MB-3850,2.1373868,1.1225746,11.346014,1.9400414,4
MB-6271,2.1122794,0.060263354,10.001516,2.61321,7
MB-3006,2.4853961,1.2452848,11.64851,2.2575336,4
MB-4665,2.1841605,0.09406025,10.155058,2.7365115,4
MB-6098,3.3575878,1.6452801,11.381852,2.7517807,10
MB-7187,2.5024405,0.82642215,11.097371,3.1142256,5
MB-3754,2.7209637,1.1281381,11.207548,1.7155908,1
MB-0273,2.3653235,0.6902508,10.142424,1.1414608,8
MB-7042,1.8906728,0.6559667,10.17463,1.858503,8
MB-0619,1.7840455,1.3577223,10.5320835,2.2979822,4
MB-5199,2.5619054,0.9983333,10.759677,2.9763029,5
MB-5605,2.517576,0.5972435,10.622597,1.5754851,3
MB-7130,2.2449563,0.7841656,9.671955,2.3256278,9
MB-5388,2.383887,0.9396986,9.722518,2.4995618,7
MB-5583,2.9592772,0.73243546,10.49369,2.0577462,7
MB-0410,2.449418,1.2170709,11.020538,2.331855,3
MB-5510,2.5473433,0.29240757,9.820719,1.9634072,3
MB-4966,2.8554642,0.41197366,10.888783,2.27052,3
MB-7251,2.8103733,0.8977154,10.592865,2.814183,5
MB-3838,2.1188474,0.29694465,10.334149,1.3761442,8
MB-7037,2.569796,0.3282625,10.038623,1.4400314,8
MB-2771,3.0241687,1.5433345,11.448197,2.434794,10
MB-3378,2.3251975,0.92241555,11.239569,1.7736802,4
MB-5562,2.1769786,0.18542616,9.939113,1.8942928,2
MB-0206,2.8007898,2.0399628,11.147106,2.8864236,10
MB-7252,2.6084378,1.6633493,10.793107,3.1928885,4
MB-4342,2.3103595,0.6679004,11.258234,3.0236912,4
MB-0231,2.193013,0.4103465,10.686083,1.7732991,3
MB-0139,2.1460729,0.5186951,11.464848,2.8701992,3
MB-7061,2.1546993,1.3376274,11.052817,2.1937072,4
MB-6160,2.5114188,1.8477153,10.915886,3.189007,9
MB-0195,1.9601814,1.0974396,9.987627,1.823722,6
MB-6133,2.9386282,0.23951173,10.377812,2.678566,3
MB-4654,3.268759,0.4774779,9.891338,2.6919632,8
MB-0199,1.8632945,1.0464675,10.493318,1.8652385,3
MB-5453,2.4334805,0.692469,11.523139,2.954251,4
MB-7201,2.6205134,1.6720551,11.227672,3.5837731,3
MB-5348,3.184947,1.6190267,11.282132,2.8834808,10
MB-5115,3.3824952,1.8024665,11.168882,2.8840241,10
MB-4867,2.8868365,0.5181633,10.419098,1.8873563,3
MB-5306,2.2647908,0.44435242,10.31641,3.1247272,7
MB-3371,2.89881,0.77259845,10.404265,1.205033,8
MB-4329,2.0117295,0.2027769,9.916534,2.094739,7
MB-0282,2.1742086,0.8139056,11.590771,2.7211697,4
MB-0904,2.2360737,0.87533414,10.389596,1.5541618,3
MB-3823,2.1199896,1.2962545,11.188543,1.6603633,3
MB-3301,2.6651726,1.1584264,10.650431,1.2683766,8
MB-5066,2.598722,-0.006583124,10.072566,2.4507546,3
MB-7254,2.7663622,0.54551715,10.309416,1.3050954,8
MB-2749,2.2801747,0.8590814,10.942412,1.5490301,3
MB-2834,2.8253078,1.2839073,11.263787,2.079227,3
MB-7032,2.3410046,0.06201767,10.332223,2.1361408,3
MB-0322,1.9346244,0.5022986,10.40032,1.8029857,8
MB-7153,2.835236,0.39514,10.227973,1.3081009,8
MB-6011,2.0219245,0.564161,9.599791,2.732658,1
MB-7161,2.4370987,0.30976334,10.94322,2.2890632,6
MB-0528,1.6752105,1.3770276,10.777926,2.0870273,2
MB-4354,3.2277176,0.3466132,10.0809355,2.878917,1
MB-0164,3.1350062,1.8348181,11.430014,2.907371,10
MB-5463,2.8744323,0.68286717,9.61039,2.9960294,9
MB-7076,2.0256984,-0.10282613,10.719592,1.8384286,7
MB-0189,1.9821899,1.0741607,11.598918,2.5105608,6
MB-5558,2.3539515,0.47621998,11.2477865,2.9280882,5
MB-4328,2.6170757,0.13775009,9.914869,2.1124027,7
MB-6251,3.0806153,1.5029601,11.19702,2.9482527,10
MB-6024,3.153056,0.22712928,10.005637,2.4225242,8
MB-4935,3.108759,0.8252574,10.106616,3.1340423,5
MB-5134,2.9226742,0.21444947,10.509761,2.3681304,3
MB-3088,1.9352188,0.2782065,9.9278345,2.6857393,7
MB-0244,1.7608595,-0.12391403,10.832567,1.8861464,4
MB-0203,1.8309162,1.1513882,10.509273,1.5447323,7
MB-0637,2.1010437,1.1341031,10.140253,1.8104801,10
MB-5137,3.143147,1.9861028,10.923615,3.048153,10
MB-4994,2.6503327,0.34553984,9.86519,1.5833398,8
MB-6190,1.8267146,0.37954924,10.799222,2.526571,4
MB-2900,2.5841615,0.7428589,11.639377,2.0364158,4
MB-5302,3.1295578,0.7769726,10.229083,2.9829946,3
MB-4293,3.2415016,0.23974197,9.807364,2.2852914,8
MB-0378,1.9800615,1.6955595,10.905404,2.3227394,5
MB-3600,1.5892509,1.3040175,10.369601,2.1712854,9
MB-5389,2.0036533,0.07147201,10.34161,2.235501,7
MB-0347,2.3444154,1.8358215,11.369202,2.9742737,4
MB-3824,2.016172,0.92133784,10.243384,1.7329346,2
MB-3049,2.0294733,0.7262005,11.446235,2.3190973,7
MB-7295,2.1531887,1.3244144,10.971983,1.6305382,3
MB-4283,3.106234,0.19325382,9.640225,2.640034,8
MB-2954,2.6164265,0.5387994,10.289827,1.1028907,8
MB-7001,2.3300064,0.73141396,10.683342,1.2485561,5
MB-5215,2.416405,-0.077852115,10.027969,2.3417425,8
MB-3436,2.0971918,1.2165276,10.646579,1.628683,1
MB-0426,2.310092,1.1861218,10.734797,1.3880376,3
MB-5580,2.135917,0.15181169,10.772294,2.453244,4
MB-5547,3.3345947,1.567209,10.9170885,2.987709,10
MB-4855,1.7995782,0.35476243,10.227435,2.4303637,7
MB-5625,3.0844893,1.3838243,11.109231,2.681227,9
MB-0436,2.0788293,1.4485903,11.140457,2.3898816,4
MB-5208,2.7813194,1.7183125,10.890735,2.734764,10
MB-6201,1.7194525,0.93485177,9.995463,2.7416384,9
MB-4303,3.1780138,0.66235423,9.968434,3.4416296,4
MB-7051,2.361467,0.4144612,10.862995,2.361915,6
MB-5104,2.6581788,0.06200984,10.242285,2.7948177,8
MB-0564,2.1147978,1.3873563,11.269998,2.7018714,4
MB-7145,3.2922878,1.8689369,11.32905,2.6646574,10
MB-6188,2.9376602,2.0067766,11.113754,3.0548966,10
MB-0110,2.7032263,0.54550904,11.345483,2.634236,3
MB-0425,2.5968976,0.8726976,10.121253,1.309626,3
MB-0260,2.067929,0.96742153,10.865996,1.6429104,3
MB-0193,2.1349819,0.55103725,10.184441,1.8057768,3
MB-5048,1.935424,0.2827472,10.31405,2.657806,7
MB-0279,2.191348,1.240451,11.589011,2.7191284,4
MB-5064,1.9077551,-0.30542484,10.792151,2.1609223,4
MB-0594,1.7447631,0.70521915,10.67436,1.9039636,4
MB-0247,2.3269281,1.5801431,10.900192,1.9836779,4
MB-0559,1.5898182,0.85209256,10.125783,2.5227957,7
MB-3545,2.6879897,0.9763779,11.451432,1.920605,7
MB-6108,2.3484178,0.89980674,11.253375,2.7116368,4
MB-0160,2.188379,0.6929814,11.70109,2.8380933,4
MB-0064,2.443195,1.0875343,11.311558,0.89669496,3
MB-2797,1.7765489,0.64799654,10.661492,1.9139092,6
MB-2854,2.6466954,0.5660259,11.293413,1.8477238,7
MB-7077,2.0071502,1.091849,10.790958,2.0553873,3
MB-5490,2.795807,0.520316,9.9305725,1.6082354,8
MB-4274,2.8947139,0.24647267,9.604173,2.2863083,8
MB-7024,2.0898194,1.4266225,10.446124,1.7556759,1
MB-6075,2.1529427,0.430862,9.62166,2.7524846,7
MB-4871,2.4908144,1.2113621,11.093449,2.6739933,5
MB-7159,3.3339133,1.6419103,10.800447,2.6569793,10
MB-4674,1.9303586,0.021042047,10.089149,2.3998063,7
MB-6105,2.1263866,1.0538636,10.44595,2.851453,7
MB-4603,3.3036923,0.18449895,9.39034,3.164442,8
MB-6225,1.6450503,0.96751004,10.593345,2.579448,7
MB-5272,2.6493514,1.6843414,10.940794,3.319326,4
MB-0165,2.5646393,1.3277137,10.130855,2.2755175,5
MB-4189,3.2462192,0.40495053,9.568363,3.40319,2
MB-5421,3.1288118,1.3785224,10.98897,2.9936516,10
MB-3002,2.5081007,0.8840575,10.932766,1.3190861,3
MB-0218,1.7204118,0.97237295,10.341695,1.894658,1
MB-5189,2.106899,0.62476236,10.719639,2.7369003,4
MB-6200,2.3212433,0.7919466,10.579015,2.6148894,9
MB-0339,1.8199017,-0.25203893,10.662483,1.8912168,4
MB-2823,2.6924179,0.71270716,11.415991,2.4758356,4
MB-3271,3.0183,1.8246844,11.522718,2.5331187,10
MB-0544,2.187901,0.6201135,10.161153,1.3168218,8
MB-5599,1.9719445,1.0439776,9.898638,2.5540626,7
MB-6077,2.960666,0.44732484,9.8580065,3.231679,7
MB-7094,3.113176,0.6021185,9.842456,2.8430803,9
MB-5178,2.270273,0.0001882037,10.187568,2.4849117,6
MB-4374,2.7025156,0.096215665,9.719561,3.0300837,7
MB-6306,2.158578,1.0389143,9.915534,1.663482,1
MB-0292,2.6186187,1.3578937,10.502981,2.4979658,9
MB-5289,3.0350702,0.10991388,9.715903,2.6101022,8
MB-2843,2.7084167,0.77096057,11.474414,1.6752839,2
MB-0093,2.448897,1.1695285,11.373341,0.8128528,3
MB-7260,2.8285275,1.1225743,9.850088,2.3578343,5
MB-0384,2.4361818,0.9022756,10.258859,1.1822506,8
MB-4792,3.1844976,1.6200997,11.249353,3.1329184,10
MB-7063,2.4858942,0.5818663,10.919801,1.6307479,3
MB-4222,3.3189502,0.18208514,9.297688,3.2404695,8
MB-0489,2.4103086,1.6839173,11.4632,3.3642442,4
MB-7112,2.0184207,0.7690894,10.670087,2.3452904,2
MB-3547,2.3708222,0.569039,11.301803,1.7444763,4
MB-5392,2.3049212,1.6749631,11.193837,2.823836,4
MB-0482,2.3012822,1.168235,11.503486,2.6761537,5
MB-7278,2.8039236,0.1964827,10.880407,2.0307326,3
MB-3211,3.1800158,1.6911303,11.15346,2.2796156,10
MB-4660,3.0831158,0.8394563,10.109818,3.3513498,9
MB-0241,2.5842466,0.95384693,10.682922,2.0523148,4
MB-5394,2.6446185,1.4358667,10.791135,3.4723504,1
MB-5399,2.5420995,0.02664484,10.214725,2.4856248,3
MB-0527,1.9533917,0.5276303,11.419424,2.6385183,4
MB-5256,2.8937416,0.61357147,9.799463,2.3964982,8
MB-0880,1.7462571,0.22116862,10.206391,2.1759179,7
MB-0529,2.5681288,1.0196493,9.902841,1.4926083,8
MB-3412,2.6824112,0.87663615,10.486027,1.2433258,8
MB-5260,1.9533685,0.0553081,10.082245,2.6233735,7
MB-5590,2.589315,0.86719805,10.803186,2.1775746,4
MB-0628,2.1187928,1.1856446,10.0936165,2.3307261,7
MB-2767,2.7079778,1.293804,10.759591,1.4112812,2
MB-3978,2.418769,0.96879,10.294058,1.8040507,5
MB-0002,1.927044,0.5400552,10.845774,2.2671218,4
MB-4557,3.2808287,0.23674396,9.529095,3.144779,8
MB-0343,1.8145173,0.63473034,10.852177,2.5346231,6
MB-2744,2.2091405,0.64744425,11.555283,2.5338342,4
MB-4873,2.4003115,0.36120737,9.926663,2.6134214,8
MB-3711,2.8156874,0.85444957,11.117491,1.458696,3
MB-0598,2.5964317,1.4112116,10.2170315,1.6402469,3
MB-4944,2.8036675,0.30005223,9.556576,1.9703255,2
MB-5433,1.7626246,0.82909536,9.851209,2.8200066,7
MB-7091,1.7567487,0.7955124,10.421033,2.7131383,7
MB-5305,3.0555525,0.35752568,9.6738205,1.9415865,8
MB-5175,2.4126902,0.97866786,11.103384,3.2049797,4
MB-0512,2.536195,1.4758102,10.331856,1.82076,9
MB-2933,2.7473342,0.6040804,11.275324,1.6245587,3
MB-4845,2.2686622,0.008535898,9.930537,2.1830032,8
MB-0535,1.9359598,0.9692066,10.533458,1.5517334,8
MB-7249,2.033522,-0.07595708,10.422831,1.5787321,8
MB-7025,2.5023675,1.80395,11.6646385,2.725273,4
MB-0432,2.1534295,1.7449614,12.108854,2.8297622,4
MB-5176,2.6308227,1.3656781,10.529612,2.73278,4
MB-0882,2.1126149,0.6280927,9.688776,2.4252431,7
MB-6122,2.3903275,1.3891474,11.211819,2.8783774,4
MB-7269,2.9924889,1.4816393,11.048567,2.8617952,10
MB-7084,3.342957,1.7479554,11.006963,2.849031,10
MB-0608,2.842257,1.9655485,11.207334,3.0157924,10
MB-5280,2.1174111,0.7465715,10.138682,2.2813096,1
MB-7280,2.1575255,0.44569972,11.067363,2.0838711,7
MB-6253,2.4840434,0.36399618,10.266835,1.496028,8
MB-7292,2.024768,1.1296861,10.41672,1.6406431,6
MB-3025,3.0277548,0.5685479,10.910954,2.1580522,5
MB-0640,1.810297,1.0690479,10.345172,2.6627316,7
MB-0318,2.249568,0.51086414,11.424291,2.9063137,4
MB-5310,2.534329,0.03472193,10.235185,2.5526595,3
MB-0324,1.8537744,1.1230285,10.041863,1.9313647,6
MB-0419,2.169775,0.7063804,10.145833,1.7440826,8
MB-7281,2.3727298,1.564599,11.029571,2.7600613,5
MB-0353,1.83306,0.62563074,10.730625,1.8777362,7
MB-4666,1.9759381,0.3478065,10.331402,2.7615142,7
MB-4962,2.765246,0.11051093,9.699388,2.4442823,8
MB-0613,2.296587,1.6452715,11.607571,2.6491284,4
MB-5498,2.3946679,0.9616248,10.853025,2.8037198,1
MB-4743,2.2207742,0.54824555,11.246871,3.0077915,4
MB-5549,2.3392828,1.7955189,10.830469,2.7920337,1
MB-5185,2.9684205,0.23368785,10.049784,2.8276114,4
MB-4008,1.8983333,0.06486874,10.312773,2.5886812,2
MB-4796,2.7710457,0.6223331,10.000139,1.4086418,5
MB-5057,3.3022308,1.7090995,11.176147,2.9446206,10
MB-7128,2.3380964,0.28865597,11.019803,2.0654483,5
MB-0627,2.3672,1.7825284,11.46857,2.7335653,4
MB-0590,1.839319,1.2351744,10.002927,2.3763442,9
MB-7043,1.943873,1.2104466,11.201218,2.5867257,4
MB-6083,3.161375,0.1527959,9.947734,2.360509,8
MB-0485,1.9459618,0.7394973,10.893294,2.1424103,9
MB-5519,2.9637887,0.49564347,10.365569,2.129245,8
MB-4782,2.2537482,0.6461611,11.592095,2.8903968,4
MB-0066,1.6567659,0.7629397,10.559871,2.0886204,7
MB-5404,3.2446606,0.41973087,9.83051,2.5004447,8
MB-0885,2.1929266,0.8443301,11.699824,2.8028474,4
MB-7046,2.2055988,0.61719465,10.443674,2.098128,6
MB-6239,2.812075,0.39832583,9.940796,2.1272535,8
MB-6008,2.6475801,0.40872654,9.605688,2.7660856,9
MB-3614,2.3630958,0.85462874,10.8451,2.0551004,1
MB-7085,2.5448408,0.28360894,10.941175,2.2225533,7
MB-4701,3.0900164,0.4099468,9.946675,1.6419026,8
MB-3567,2.564697,1.8152963,11.023078,3.238223,1
MB-7069,2.5312111,1.4132586,11.0560875,2.4129364,5
MB-2614,2.4895024,0.6891826,11.275565,1.5121477,7
MB-7243,2.7752411,0.4882544,9.959464,1.6896579,8
MB-5052,2.5620105,1.8950326,10.966727,3.1638427,4
MB-5106,1.7139428,0.5956826,10.374487,2.6899667,6
MB-3351,2.3909879,1.0027326,10.850215,1.3316622,3
MB-7285,2.1272688,1.147036,11.133921,1.8737088,6
MB-7250,2.4671752,1.5704721,10.897315,3.0985055,5
MB-0662,2.950826,1.1356436,10.192304,2.1209347,5
MB-0014,2.506202,1.2011803,11.4270935,0.77735907,3
MB-6164,2.366762,1.0799904,10.577892,2.0824077,3
MB-0586,1.8066912,0.31792542,10.695399,2.4783857,6
MB-4998,2.8674583,0.31026676,9.78712,1.6404272,8
MB-5019,2.7773263,1.0333301,10.349929,2.6712167,5
MB-2705,2.272443,0.39838016,10.393983,1.8995366,3
MB-2953,2.9289808,1.0439857,11.331288,1.6854137,10
MB-0543,2.2809863,1.2354844,10.464543,1.5073863,1
MB-4005,2.8703287,1.0358219,10.802204,2.5663745,3
MB-0526,1.9270365,0.83779293,10.316003,1.391653,2
MB-0504,1.991164,0.87198955,10.76542,1.899422,3
MB-4859,2.5273159,1.2128069,11.05725,3.415157,4
MB-4578,2.7701194,0.13930856,9.810666,3.0564458,7
MB-0224,1.8213277,1.3348761,10.909068,1.9812489,4
MB-4000,1.8575982,-0.28014535,10.74582,2.0925388,4
MB-5261,2.1034415,0.13415647,10.397494,2.5961258,4
MB-5290,2.9892817,0.20805256,9.746989,1.7006093,8
MB-5426,2.972091,1.5524797,11.025955,3.0088432,10
MB-0391,2.3842554,1.7288054,10.957545,3.1051614,1
MB-5284,2.8595092,0.5242481,9.941981,2.1160884,3
MB-5405,2.5056407,1.7669857,11.227573,3.5556176,3
MB-0312,1.9613318,0.7020065,9.939197,1.9423776,2
MB-4688,2.7012043,0.8792492,9.865549,1.6855739,5
MB-0538,1.9602745,1.3926163,10.161428,1.9662968,9
MB-0636,2.1825936,1.1587932,10.741314,1.7566639,6
MB-0424,2.233295,1.3610685,11.87779,2.6072316,4
MB-7228,2.9300563,1.0361148,10.628456,1.5437411,7
MB-7116,3.1111548,0.5391576,9.785414,2.1241417,8
MB-4417,3.2310724,0.7520876,10.042205,3.2153003,10
MB-5328,1.9250833,0.29015112,10.31537,2.6569734,1
MB-4787,2.3381336,0.6766872,10.2989855,2.63176,6
MB-6283,2.2810009,0.22896184,10.273019,2.2000782,7
MB-2960,2.4260054,0.66410536,11.429111,1.7066296,6
MB-5613,2.6880844,0.97611403,10.28863,1.4176192,10
MB-6312,2.9197712,1.0184027,9.8759,2.585076,9
MB-0412,2.0770183,1.2569339,10.184633,1.9955806,6
MB-0472,1.80121,0.30993786,10.360615,1.7830865,7
MB-5119,2.3713932,0.2940017,10.471326,2.9620893,7
MB-5275,3.1454823,0.5721502,10.031317,2.9928415,3
MB-7067,2.637435,1.2987143,11.289715,2.2924306,5
MB-4360,3.1165528,0.63489395,9.828553,3.4182441,5
MB-4882,2.9803824,0.4046136,10.460703,2.863846,3
MB-4846,2.7813988,1.1504794,9.818783,2.2398758,5
MB-3037,2.5692465,0.6690351,10.385164,1.2130064,3
MB-4760,2.1456463,0.6659386,10.947643,2.7064593,4
MB-5427,3.1178787,1.3531045,11.034231,2.9081345,9
MB-5534,2.382401,1.6705481,11.094949,3.187576,4
MB-0624,2.012771,0.78339297,11.4617405,2.157335,3
MB-6336,3.1231518,1.6901827,11.055578,3.1859276,2
MB-3275,2.568242,1.1854217,11.188233,1.6689141,1
MB-4331,2.4976892,0.40049225,10.655674,2.8231,1
MB-0303,2.7709436,1.8614911,11.34193,2.72667,10
MB-4969,1.9362341,0.363445,9.997135,2.6937327,7
MB-5253,3.1581912,0.4225795,10.192425,2.408104,3
MB-3430,2.8429945,1.0851382,10.581167,1.8602577,3
MB-7115,2.7320297,0.19671445,10.203714,1.6443164,5
MB-6006,2.8925717,0.78619593,9.968259,1.6710786,3
MB-7162,2.2860055,0.20080301,10.567117,2.1650681,3
MB-4010,3.1314485,0.41897747,10.441627,2.424795,6
MB-3871,2.6176789,0.9303246,10.450369,1.3612243,8
MB-6050,3.0933812,0.15225637,10.227975,2.108273,8
MB-7284,2.410747,0.8745318,9.939414,1.9607737,6
MB-6036,2.8845236,1.7641381,11.052827,3.0151372,10
MB-0487,1.9546337,0.6857886,11.360335,2.3190455,3
MB-7005,2.5792289,0.6320307,10.549446,1.1309816,8
MB-7106,2.7570467,0.26712847,10.967166,2.1225564,2
MB-7144,2.8006015,0.66806024,10.8994055,1.8692881,8
MB-2617,2.6471784,0.8896307,11.467978,1.6275742,4
MB-0581,2.0940053,1.4739971,10.570358,2.4143689,7
MB-4730,2.8981674,0.14587867,9.982777,1.9691249,8
MB-3487,1.9301444,0.93830377,10.512343,1.7788363,1
MB-6337,3.1660588,0.78471076,10.3741045,2.8768346,5
MB-5158,1.8116385,0.6265333,10.452208,2.6298811,7
MB-4976,3.1598308,0.25442374,9.737246,2.2339675,8
MB-0534,2.011465,0.7050694,11.749517,2.836092,4
MB-0470,2.1035185,0.28479826,11.3121395,2.6628063,4
MB-3417,1.8604363,0.21239501,10.112293,2.031075,7
MB-3365,1.8810669,-0.12012572,10.82518,1.8720558,7
MB-5414,3.0456808,0.91099834,10.124378,1.7969165,9
MB-5369,2.7898078,0.9249211,9.890004,1.9487519,8
MB-0102,2.315736,1.3743818,10.887002,2.3060517,3
MB-4270,2.815839,1.145242,10.392905,3.462502,9
MB-7217,2.2354076,0.8176271,11.183353,2.5071976,3
MB-0261,2.1307747,0.72791654,10.224767,1.2739967,8
MB-5211,1.8041543,0.71790177,9.957895,2.3771884,7
MB-7160,2.9870064,0.8916854,9.891138,2.4794295,9
MB-5617,1.810282,-0.2692409,10.771784,1.9306732,4
MB-5317,2.2171884,-0.14108191,10.172499,2.110018,8
MB-2983,2.7522488,0.8835122,10.540376,1.3439997,5
MB-7135,2.9406674,0.19456516,10.5697775,2.01241,5
MB-5397,3.001764,0.5732475,10.408572,1.7287735,3
MB-0177,1.6427188,1.087378,10.728275,2.431205,6
MB-2952,2.8953156,0.5350365,10.763266,1.3238643,8
MB-5493,2.954049,0.34300172,9.985133,2.2294438,2
MB-5135,3.3882017,1.7165142,11.322647,2.8281076,10
MB-5325,3.2792633,1.6305349,11.021032,2.9997802,10
MB-4906,1.9862621,0.48575932,9.888493,2.7508767,9
MB-0511,2.3531857,1.0240713,10.361689,1.2770549,3
MB-3582,2.7727175,1.2259119,11.5842285,2.2077408,4
MB-4729,2.9471192,0.22872663,9.916306,2.0726097,5
MB-6171,2.8833249,0.49236336,10.209008,2.2161007,3
MB-6154,2.3831275,0.20123926,9.840122,2.3869698,8
MB-0521,2.1882157,1.2643561,11.162469,1.8446544,3
MB-0371,2.2361233,1.4410845,10.272732,1.7815475,5
MB-0601,2.4379797,1.1777308,10.448005,2.0164742,10
MB-4682,2.1860085,0.49806458,9.985669,2.2348442,9
MB-0202,1.8219076,0.9153262,10.897293,2.14968,4
MB-4711,2.6704984,1.5312841,11.083895,3.3912554,5
MB-7262,2.3214965,0.86994666,10.595694,2.3327541,9
MB-5382,2.2812028,0.49804154,10.146981,2.9155588,7
MB-5373,2.2423604,0.74100256,10.704683,2.2035818,4
MB-0122,2.6620448,0.6386082,10.221096,1.1690366,8
MB-0314,2.7442071,1.294025,10.57131,1.946808,5
MB-2858,2.617021,0.7687854,11.218743,1.6209483,1
MB-7036,2.9804616,1.9195997,11.240069,2.5655582,10
MB-6229,2.7782974,0.62090605,10.02652,1.6638858,8
MB-0542,2.203979,1.5837467,10.856971,2.1811304,1
MB-0373,2.427417,1.3263245,10.690647,1.833336,5
MB-5293,2.976602,0.4232617,9.797626,2.2709,3
MB-5308,2.5689476,0.71034753,10.846804,3.291792,4
MB-7102,2.0510795,-0.10039695,10.627873,1.7792753,3
MB-4627,2.3339245,0.28378665,10.294462,2.42326,3
MB-6245,2.966776,0.99496174,10.426509,3.181378,10
MB-0262,2.0451694,1.3353977,11.190273,2.257021,7
MB-7143,2.304237,1.1205525,11.045165,2.1375005,5
MB-6044,2.8864481,0.47980598,10.196017,2.887541,6
MB-4898,1.9371598,0.14131276,10.419027,2.3441613,7
MB-0000,2.0402553,0.9028979,11.867038,2.8024795,4
MB-4735,2.861072,0.27553087,9.874317,2.071325,8
MB-5533,2.4375052,0.82797486,10.609093,3.0662155,1
MB-2610,2.814778,0.6689962,10.991822,1.2423207,8
MB-4987,2.9046917,0.07936735,10.409977,2.1597073,8
MB-4779,2.8099427,0.43452412,10.664247,2.3549898,3
MB-7088,2.8656616,0.8310948,10.594176,2.6204433,5
MB-5139,3.0060608,1.003839,10.242612,2.0304453,1
MB-4434,2.8890994,0.5208502,9.533641,3.1009772,9
MB-7218,2.542379,0.37883562,10.8048725,1.5061934,3
MB-5335,3.3648832,1.6519274,11.021608,2.842447,10
MB-4318,2.0848765,0.76982576,9.753084,2.8695717,1
MB-3272,2.5240738,0.59942776,10.661439,1.364116,5
MB-4281,2.8636856,0.90357864,9.725712,2.6668155,9
MB-0245,1.9867586,1.1939522,10.8742485,1.6751939,3
MB-0265,2.2936847,1.0056508,11.7433815,2.7784073,4
MB-4851,2.0255811,0.37713072,9.93676,2.3461478,2
MB-4908,2.5139077,0.45621678,10.250012,1.8238832,5
MB-3001,3.0700982,1.5580767,11.454568,2.3362253,10
MB-7028,1.7690474,0.7757398,10.5408325,2.0293403,1
MB-0403,2.2803433,1.4270535,11.823397,2.6978536,4
MB-4484,2.5960007,0.26707676,10.526621,2.6132722,3
MB-4126,2.9680066,0.49789527,9.711522,3.3553596,7
MB-4769,3.1479034,1.4860388,10.75259,2.561233,1
MB-5157,2.7240362,0.80561626,10.711975,3.185112,4
MB-6010,2.5144722,1.5455858,10.710767,2.532888,10
MB-3028,2.809035,0.9773607,10.052651,1.8686091,9
MB-5484,2.5128305,0.4720725,9.63906,3.0128453,7
MB-5341,1.9532218,0.26808968,10.149582,2.5476787,2
MB-7006,2.6883087,0.53990954,10.567135,1.2548516,3
MB-2645,2.5496995,1.1444491,11.058475,1.7426895,4
MB-2669,1.8371658,1.1834438,10.912863,2.3369637,6
MB-5409,2.4213624,1.6572074,10.800922,3.0555801,5
MB-5311,2.4217424,0.95729434,11.434469,2.5542474,4
MB-6100,2.4474423,1.0390214,10.966002,2.5743878,5
MB-5114,2.6939247,1.7572409,10.967135,3.2300358,5
MB-7244,2.7517347,0.67759544,10.81821,2.0310335,8
MB-0008,1.7153924,1.2764362,10.480444,2.3742552,9
MB-5652,2.1303117,0.81846493,11.335068,2.8486018,4
MB-7026,2.5618083,0.99727887,10.791344,1.3935301,3
MB-5485,2.278354,0.9147994,9.786347,2.679287,9
MB-0468,2.4906101,0.44714737,10.584147,2.523486,1
MB-0445,1.5990144,1.0286891,10.250269,2.595646,7
MB-6363,2.507612,1.1994607,10.384341,2.5997193,5
MB-3350,2.0531106,0.03518609,10.643587,1.610266,3
MB-4442,3.2541957,0.21798825,9.463927,2.9976418,8
MB-5513,3.1128602,0.8019232,10.296202,1.9895424,6
MB-3548,2.8770502,0.71587056,11.207881,1.8144125,3
MB-7078,2.4392788,1.7295529,11.410222,2.5508056,10
MB-2857,2.8070145,1.7524394,11.498932,2.7108335,10
MB-6187,2.4399655,0.8201707,11.507042,3.0717857,4
MB-5279,2.8820503,0.23673151,9.870232,1.5913349,8
MB-6058,3.099728,1.8109161,11.477036,2.874294,10
MB-0295,1.8155864,1.004131,10.86456,2.3683789,4
MB-0239,2.1804338,1.3342429,10.873967,1.7233808,3
MB-4623,3.0589645,0.4834002,10.325912,2.629023,3
MB-0172,2.131747,1.152179,10.952918,1.9395955,3
MB-0463,1.713905,0.97242427,10.600946,1.8194102,4
MB-3752,2.6189709,1.8688933,11.175692,3.318648,4
MB-0406,2.1990612,0.6415749,10.415196,1.8177621,2
MB-4003,3.1478355,0.58276886,9.639554,3.0710912,6
MB-7147,2.29286,0.29131782,11.057514,1.8527396,6
MB-0587,1.8764343,0.46995473,10.587256,1.9963971,9
MB-6248,3.0373821,1.6219155,11.370743,2.9956977,10
MB-4858,2.5992532,0.5703745,10.681884,2.0639539,5
MB-3450,2.666412,0.238004,10.089936,1.5526977,8
MB-4601,2.866116,1.0273956,10.5257435,3.164218,5
MB-5556,1.7383157,0.6491214,10.217979,2.2673335,1
MB-5472,2.5712407,0.28234583,9.941874,1.6458471,8
MB-0575,2.1758697,1.326122,10.742284,2.1249864,4
MB-4705,2.3847327,0.5128235,10.900318,2.9340096,3
MB-0611,2.1153977,1.6133841,10.708864,2.7087111,9
MB-6246,2.498855,0.90330213,10.355064,3.0890286,5
MB-0060,2.459127,1.626374,10.754694,2.4580665,10
MB-4416,3.1430085,0.82205755,10.169469,3.4342985,4
MB-4999,2.1572666,0.083115004,10.037103,2.7825077,7
MB-0123,1.5523944,1.0490874,10.580769,2.2208526,1
MB-4234,2.9668207,0.17288134,9.671707,3.2244446,4
MB-4933,2.5997236,1.254093,10.456579,2.9609632,4
MB-6062,2.8254821,1.9344784,11.212482,3.1666443,10
MB-5093,2.5944624,0.72031087,10.2283535,2.5936143,1
MB-0420,2.7874165,1.5726837,11.477245,2.78094,10
MB-2754,2.4489176,1.1699203,11.116835,1.7881598,3
MB-0906,2.440757,1.6486549,11.010195,3.215204,4
MB-0159,2.2774386,1.5526009,10.945964,2.8135405,5
MB-5368,2.7346315,0.24674696,10.15388,3.1381834,4
MB-5191,3.2504318,0.25914878,10.143791,2.3447902,8
MB-5616,2.8321998,1.966327,11.276477,3.15654,10
MB-0095,2.2950234,0.14872274,10.067446,1.8977844,8
MB-6194,1.8713496,0.8791989,10.641473,2.7457588,4
MB-6254,2.0331223,-0.17344117,10.482664,2.1254933,2
MB-0490,1.9433023,0.045821413,10.915751,2.3831928,4
MB-7060,2.8673408,0.20895174,10.734701,2.44428,3
MB-3165,2.8160453,1.0209119,10.713923,1.7904154,1
MB-5654,2.8214085,0.3898122,10.123818,1.550536,8
MB-2781,2.0521986,1.3021946,10.500816,1.9300404,1
MB-4991,2.4888453,1.3355222,9.921326,1.9702446,6
MB-6179,2.7712612,0.3104913,9.617589,2.4093864,8
MB-5411,3.0090258,1.0687634,10.537794,2.2385728,5
MB-5410,3.088553,0.21865566,9.657882,2.903754,8
MB-0101,2.6942163,0.66072625,10.292899,1.4121878,8
MB-5118,3.0962873,0.62050396,10.408251,1.675284,3
MB-5550,2.145781,0.13713895,10.0513315,2.1523335,3
MB-7071,2.486028,1.6001663,10.77497,2.3204048,3
MB-7100,2.283627,-0.202634,10.592505,1.9260839,8
MB-6107,2.8634865,1.0612453,10.433312,2.7375233,3
MB-4888,3.1899192,1.432104,11.211736,2.913694,4
MB-2624,2.7936742,0.83484954,11.373878,1.5455068,3
MB-3031,2.6402824,1.7151268,11.022894,2.6711175,5
MB-5526,3.3299656,1.6609137,10.868659,2.8500354,10
MB-0081,2.5016224,1.1863668,11.383909,0.8016727,3
MB-4323,3.166384,0.15038052,9.742017,2.53452,8
MB-0486,1.9390429,0.4914333,10.399843,1.8049575,3
MB-5300,2.957643,0.9197555,9.931517,1.6886724,8
MB-4017,1.9141324,0.41337252,10.524754,2.3654919,6
MB-7013,2.9518604,0.060259953,9.753248,2.1209848,8
MB-3706,2.9918642,1.5667564,11.517284,2.3948987,10
MB-0022,2.5255995,1.1609393,11.442516,0.78678435,3
MB-0439,2.4309826,0.53341526,10.121972,1.2763168,8
MB-5045,2.7837937,0.53830653,10.493511,2.8716133,4
MB-5164,2.5056932,1.1108642,10.712817,3.2876942,5
MB-4322,2.482747,0.3348638,9.771629,3.0233588,7
MB-4698,2.8604767,0.48659742,10.3519335,2.5360665,3
MB-7276,2.5229888,0.13989381,10.146229,1.9224043,8
MB-3046,2.9823985,1.2220339,11.292075,2.6503894,10
MB-0455,2.226775,1.7843282,10.812973,2.4554648,10
MB-0654,1.9575437,0.62180626,10.232601,1.5424787,8
MB-0634,2.148562,0.96721995,11.795259,2.713243,4
MB-3470,2.6372192,1.1020597,11.338441,1.9804541,5
MB-3105,2.7428305,0.6609165,10.233159,1.3812667,3
MB-5431,2.7089994,1.0357375,11.412316,2.8496158,4
MB-4235,3.0837588,0.71879196,10.487635,3.0484803,10
MB-6014,2.6494808,0.74894625,11.410687,2.636809,4
MB-6230,2.79705,0.5144341,10.583888,2.40772,3
MB-4661,2.2344093,0.2529693,9.940254,2.8295674,7
MB-3506,2.8057308,0.8989853,11.086396,1.6401324,1
MB-4292,3.268768,0.2498471,9.546434,2.8665223,8
MB-3032,2.78157,0.8561762,10.805048,1.2862225,3
MB-4952,2.4252934,1.7300956,10.908037,3.0456293,4
MB-4834,2.518686,0.92608213,10.260494,2.562023,1
MB-4408,3.197015,0.63687587,9.84918,3.3415585,9
MB-6317,2.5569205,0.8303987,9.901837,1.7159209,2
MB-6157,2.3782485,1.2418029,10.866121,3.0978765,5
MB-5347,2.8273537,0.14151222,9.821863,2.5044892,3
MB-2819,2.4034464,0.41170964,10.619782,1.5108526,7
MB-4746,2.5467846,0.36566678,10.416531,2.241597,3
MB-5277,3.153031,0.32986534,10.074411,2.3867476,8
MB-2791,2.0571768,0.49792975,10.62752,1.6832836,3
MB-2963,2.2379718,1.3130045,11.48412,2.3671322,4
MB-6065,3.152544,0.1716666,9.472375,2.8713155,8
MB-0113,2.74723,0.7620881,10.675438,2.0015597,5
MB-5020,2.8124483,0.43386298,9.667497,2.077304,8
MB-5420,2.5326293,0.9790728,11.163714,2.9828398,5
MB-0348,2.2870026,0.3657078,10.105443,1.324804,8
MB-0374,2.173591,1.1577282,10.609714,1.8148973,1
MB-6047,2.1163874,1.2589049,10.274913,2.9332516,9
MB-4860,2.7019608,0.34377357,10.750185,2.3617504,3
MB-5136,2.2403698,0.7769431,10.958468,3.079794,4
MB-7119,3.104356,1.7357891,10.940604,3.263205,10
MB-2803,2.1291382,0.40458798,10.554808,1.5449164,8
MB-4717,3.0736327,1.6100991,11.090209,3.0084078,10
MB-5232,2.9348805,1.3177754,11.057891,3.2909899,10
MB-6288,1.7447355,0.32055357,10.48572,2.4654589,6
MB-0408,1.7843664,1.0001917,10.48849,2.4221168,7
MB-7039,2.1530814,1.1289204,11.401753,2.2350745,4
MB-0344,2.4199038,0.5471384,11.1636915,2.6022997,3
MB-5471,2.8848763,0.9504224,10.455789,1.7471911,3
MB-7216,1.887974,-0.31687626,10.657354,1.9656603,4
MB-6007,2.758212,0.60013163,10.200436,3.0798118,3
MB-3781,2.5009756,0.46267426,10.268336,1.2634877,8
MB-5287,2.754577,0.16880772,10.1933565,2.7375555,3
MB-5403,2.6878166,0.24568932,10.062077,1.4241273,8
MB-2849,2.8502898,1.2105688,11.434473,2.174944,9
MB-0181,1.5837721,1.1800095,10.456504,2.5361483,7
MB-4381,3.3133337,0.24828784,9.421112,3.2941089,7
MB-4120,3.159369,0.08562804,9.678685,2.3042603,8
MB-2835,2.623507,0.64535886,10.820597,1.5959591,3
MB-6092,2.7784998,0.52529836,10.593506,2.7658775,3
MB-5243,2.406877,0.37637734,10.828458,2.5714564,1
MB-5109,2.02507,0.7115883,10.868272,2.9182506,4
MB-5339,2.9330294,0.674598,10.558506,2.7100449,3
MB-5190,2.9106042,0.50179344,10.0487795,3.3560965,4
MB-6213,1.7495793,0.37857476,10.230094,2.1197019,7
MB-5251,2.363838,-0.0068690944,10.227652,2.525406,3
MB-5489,2.5650604,0.5478529,10.817665,2.2875605,3
MB-4418,3.2121792,0.2651005,9.442185,3.149354,8
MB-5540,2.4771228,1.3225688,10.073918,2.007549,1
MB-2931,2.4716575,1.2438425,10.55636,1.3761816,8
MB-0194,2.5960271,1.0130969,10.54337,1.4830968,3
MB-6052,2.5906615,1.2882639,11.529433,2.9052482,4
MB-0370,1.7457945,1.2725629,10.217301,2.1103811,9
MB-0382,2.386916,0.67666376,10.961559,2.3761413,3
MB-0317,1.7178432,0.587737,10.551042,2.0168347,7
MB-0143,2.5743554,0.9875592,9.916896,1.6425872,9
MB-3467,2.607767,1.3970795,10.840987,1.589426,5
MB-7205,3.0754063,1.7826184,11.158123,2.7135353,10
MB-6085,2.3707597,1.2322023,11.1339445,2.888029,4
MB-6184,2.1872392,1.174404,10.028907,2.3618371,2
MB-2790,2.715381,0.5771791,10.577113,1.1716186,8
MB-5591,2.7615266,0.67744046,10.525254,2.1366565,3
MB-0362,2.157131,0.5376044,9.87201,1.9531221,2
MB-7070,2.369185,1.3445246,10.64016,1.865147,9
MB-6300,1.8208902,-0.18246977,10.634235,1.7485827,3
MB-0458,2.3273013,0.9911582,11.544332,2.6618388,4
MB-0379,1.8456211,0.91711986,10.786594,2.545258,7
MB-3388,2.8165781,1.2204833,10.5179405,1.4148576,8
MB-4254,3.2197173,1.7545068,11.151493,3.0959508,10
MB-5117,3.0119088,0.4637007,9.823091,1.7349756,8
MB-7172,2.6764326,0.20218424,10.49396,1.5837587,8
MB-0437,1.7864867,0.024066864,10.622858,1.8424264,4
MB-0191,2.8130724,1.8556868,11.236392,2.6172225,10
MB-0531,2.2136374,0.75309795,11.74317,2.7450209,4
MB-4685,2.1203284,0.8679644,9.731618,2.5593095,6
MB-5381,3.0063915,0.69698405,10.355388,2.9892693,5
MB-3102,2.3576562,1.1622142,9.976513,1.5975168,9
MB-6330,2.4652474,1.7073025,11.030162,3.3507936,4
MB-4669,3.0456362,0.4851989,9.769801,2.8485837,6
MB-5255,2.3850162,1.5141234,11.507938,3.228763,4
MB-7027,2.5770705,1.8115435,11.052672,2.3203042,5
MB-4802,2.854428,0.40039584,10.019769,2.5430927,8
MB-4702,2.888617,0.5997096,10.012972,2.5477347,9
MB-7099,2.342082,0.39973024,10.672643,1.6047565,9
MB-6359,1.9022714,0.73466134,10.532295,2.7550712,6
MB-5361,2.8934815,0.8862498,9.814207,1.8453722,8
MB-2728,2.2479813,1.4605082,10.294166,1.8805647,9
MB-5167,2.6401427,0.1996511,10.101691,1.6930739,8
MB-0284,2.743554,1.5090363,11.492091,2.6652334,10
MB-5008,2.639872,0.887283,10.422758,2.895251,10
MB-5295,3.1649501,1.1374645,10.928773,2.9778874,10
MB-3253,2.0904815,1.370733,10.570394,2.3505404,9
MB-5050,2.3954058,0.15368593,10.133327,2.3806067,3
MB-3123,2.9425976,1.6805385,11.124228,2.3416388,9
MB-5460,2.260294,1.0586137,10.282537,2.8566723,9
MB-7080,2.602303,0.61367226,10.532583,1.1956606,8
MB-4300,3.268914,0.39459252,9.625556,3.35268,6
MB-6039,2.2724798,1.2567152,10.461068,2.882106,9
MB-0365,2.3285887,1.771629,11.248448,2.7275386,4
MB-2792,2.2111259,1.3002161,11.065899,2.1327477,9
MB-0263,2.0809016,0.6606499,10.982601,2.1904192,7
MB-2774,2.6238515,1.0907655,10.700292,1.2838604,7
MB-5632,2.144386,1.0775032,9.89136,2.3941958,9
MB-5184,2.429407,0.638406,11.253553,2.297265,4
MB-0342,2.168223,0.7330827,11.337241,2.1402397,3
MB-0006,2.4242926,1.1291891,11.234572,0.99417365,9
MB-0308,2.4089897,0.24743105,11.078153,2.5795004,3
MB-6223,2.4968886,1.745698,10.773793,3.1540523,10
MB-3707,2.227223,1.1662229,11.627942,2.3424594,4
MB-4949,2.4920578,1.0159291,10.558376,2.8498044,1
MB-0454,1.8227965,-0.14678311,10.563767,1.6811507,3
MB-4591,1.9089496,0.6680346,9.726962,2.822787,9
MB-0175,1.6981508,0.72133255,10.564547,2.354852,6
MB-7238,2.6923082,0.8956949,9.857418,1.6803035,8
MB-7194,1.8557305,0.1002683,10.133018,2.447531,2
MB-5377,2.3441536,0.36029044,9.919735,1.9550058,8
MB-0452,2.5209267,1.4609993,10.250416,1.7269608,9
MB-3702,2.788439,1.275945,11.356569,2.995796,10
MB-3525,2.7667663,0.7607599,11.159234,1.7136803,1
MB-0005,2.5273433,1.0290321,10.9152565,1.1310687,3
MB-6018,2.9317143,0.8406746,9.925763,1.8360785,8
MB-6042,2.8703313,1.0143967,10.565419,2.9056485,3
MB-0481,3.2405639,1.7444928,10.971173,2.495254,10
MB-5365,1.9013375,0.1651543,10.130707,2.4796648,7
MB-4723,2.2192376,0.65293086,10.007351,1.8836819,1
MB-5318,2.8212802,0.79202855,9.924206,2.0518029,5
MB-0127,2.0141392,1.3178551,11.369183,2.1514633,3
MB-0010,2.602749,1.1814605,10.378179,1.5505308,7
MB-4961,3.0058136,0.3393766,9.858638,2.1631067,8
MB-0306,2.025611,1.070311,10.899801,1.8917274,3
MB-2730,2.0922735,1.2605873,10.491337,1.8436737,1
MB-6048,2.115935,1.3722299,10.514612,2.8226588,9
MB-0617,2.2859986,1.1214114,11.813618,2.5311944,4
MB-7118,2.550963,0.2888212,10.370855,1.7339922,8
MB-7131,2.4132879,0.41218656,10.054422,1.3095038,8
MB-5033,1.9463243,0.08663389,10.419342,2.5646622,1
MB-4333,3.091981,0.08289246,10.171817,2.452775,3
MB-0046,2.3369117,0.8000948,10.121229,1.2821347,5
MB-4663,3.2146869,0.6961526,10.218008,2.7585294,10
MB-2844,2.7568595,1.054931,11.213794,1.6393085,9
MB-5288,2.7568505,0.93434674,10.474693,2.62702,3
MB-7298,1.97779,1.2450184,10.523825,1.7733232,1
MB-0507,2.5237699,0.99773157,10.21094,1.5853175,3
MB-0050,2.4926195,0.5232252,11.055356,2.138997,8
MB-4529,2.8693526,0.179908,10.352762,2.691238,3
MB-6167,2.5708098,0.32134727,10.187658,1.615247,8
MB-7045,1.9173535,1.1830498,11.150709,2.9575222,4
MB-0124,2.9429514,0.76950485,10.161916,1.5987874,8
MB-4862,2.1148598,1.4557371,10.326283,1.9842734,1
MB-4691,2.7148054,0.55686575,9.656086,2.8917348,7
MB-4357,3.092046,0.5230415,9.805674,3.3803651,4
MB-4644,3.0043879,0.23058744,9.762221,2.5887463,5
MB-0422,1.9331194,0.5635745,10.368433,1.9328289,8
MB-0874,3.1863763,1.9716858,10.910095,2.5629315,10
MB-7097,3.0575318,0.18298815,10.470098,2.2336814,8
MB-0655,1.9715699,0.54921347,11.352831,2.4344952,4
MB-5502,2.257705,0.75200564,10.051867,2.9351172,7
MB-3060,2.0332565,0.86690015,10.435672,1.6261239,6
MB-4704,2.8187175,0.20465027,10.73974,2.7321196,4
MB-3510,2.004234,0.16164161,10.306284,2.2627902,7
MB-4724,2.301718,1.5408872,10.887412,2.791293,4
MB-0635,2.181685,1.7181777,12.065372,2.8065796,4
MB-4879,2.5809104,1.1213979,10.986095,2.9999223,5
MB-5424,3.0861843,0.7375595,10.388582,2.177217,2
MB-6211,3.1550179,0.4883009,9.838862,2.034421,8
MB-0479,2.625343,1.3548697,10.879693,2.1184075,5
MB-0083,2.4489167,1.1444509,11.363702,0.8603201,2
MB-0315,2.302837,0.9398657,10.6002,1.9209502,6
MB-4024,2.8648252,1.2002964,11.35244,2.9776738,1
MB-5541,2.0610921,0.9026286,11.279135,2.4626095,4
MB-3104,2.6264203,0.43276125,10.42267,2.4251194,5
MB-3344,2.5155632,0.8109011,10.920695,1.2551379,3
MB-4938,3.297749,1.5029209,11.0599,2.626372,10
MB-5563,2.490358,0.32622853,10.465086,2.3011749,3
MB-0465,2.6418953,1.121131,10.076086,1.8130955,5
MB-0288,1.6975352,0.960352,10.921495,2.2480118,1
MB-2779,2.2510562,0.8235942,10.484933,1.5968281,10
MB-6297,2.6647055,0.998996,9.909592,1.9952465,8
MB-4686,2.8951333,0.7768208,10.436624,2.7037175,3
MB-4978,2.9304247,0.26454142,10.439479,2.8594086,3
MB-7230,2.8946548,0.5148197,10.713628,1.8189641,3
MB-6156,2.626133,1.3047196,10.352067,2.0378115,5
MB-4353,3.1644404,0.2835061,9.889554,2.4673018,8
MB-6273,3.1134522,0.20141682,9.803638,3.1411943,3
MB-7296,2.2667933,1.1954284,10.296696,1.5353711,5
MB-0554,2.6490917,0.8447657,10.141762,1.5036502,8
MB-4818,1.8853611,-0.15310933,10.575604,1.9484822,3
MB-5518,2.6920128,0.6598908,10.354638,2.7799518,4
MB-3842,2.0095327,1.630896,10.573384,2.1475132,1
MB-0471,1.8899416,0.15293914,10.324509,2.3237133,1
MB-6327,1.7044978,0.80891734,9.947277,2.7950068,7
MB-0411,1.8290284,0.8913534,11.12093,2.5741432,6
MB-0639,3.0674634,1.7751008,11.226297,2.9652696,10
MB-2786,2.574152,1.2434285,10.550498,1.3778394,5
MB-7181,1.9592779,0.5841769,9.708002,2.6093009,1
MB-3218,3.0343797,1.7894893,11.2885,2.4918478,10
MB-0599,2.2010505,0.8868423,11.604037,2.456424,4
MB-4278,3.2162898,0.58335555,9.823462,3.2759986,3
MB-2613,2.3970757,1.2742633,10.758812,1.5512947,1
MB-2838,2.819984,0.7228922,10.837611,1.3689328,8
MB-7137,2.0026202,0.29492268,10.930345,1.8990812,4
MB-6319,2.8022938,0.23485675,10.777732,2.7450569,3
MB-0310,2.6166062,0.9052204,10.415067,1.8133698,3
MB-0550,2.8514774,1.2701392,10.18813,1.791469,8
MB-0650,1.910248,1.2390635,10.638992,1.6844548,2
MB-5402,2.1106057,0.35202426,10.205592,2.617236,7
MB-5629,2.8541718,0.9632169,10.5734415,2.2278593,3
MB-4564,2.497359,0.46372625,9.683694,3.0948424,7
MB-0119,1.5438489,0.92162246,10.537724,1.9733089,7
MB-4276,2.9216635,0.75281537,9.88523,2.2826347,5
MB-4741,3.0077317,0.24190465,9.987232,2.0800745,8
MB-7044,2.099193,1.1504431,11.839443,2.6779203,4
MB-4791,2.532749,1.2671273,10.5943775,2.8108072,4
MB-0268,2.5665436,1.1711857,10.071179,1.5994253,9
MB-0459,1.6776118,1.0723436,10.376639,2.636877,6
MB-2742,2.6666515,1.6459031,10.856356,1.8977007,5
MB-4421,3.0761638,0.20538443,9.537057,2.7816997,7
MB-3005,2.8490593,0.8294471,10.757765,1.389551,8
MB-0120,2.2848425,1.3931702,10.301655,2.2978678,9
MB-4015,2.319259,1.5346494,11.004973,2.5793211,4
MB-4317,3.0663753,0.5746856,9.847424,3.2312438,5
MB-7062,1.9090865,1.0814964,10.704077,1.7629545,3
MB-4767,2.3274426,1.0711719,10.02412,2.5147796,9
MB-0220,2.3222237,1.7021432,11.466749,3.0674684,4
MB-5628,2.5572252,1.1444036,10.592213,2.63176,5
MB-4950,2.473447,0.43448907,9.923243,2.4594991,3
MB-3026,2.2881303,0.7937804,10.913984,1.4025377,6
MB-7220,2.92707,0.27137616,10.700444,1.9238421,8
MB-4681,2.7180867,-0.0075533153,10.295943,2.7260594,3
MB-6141,2.6715624,0.21862528,9.774057,2.3089187,8
MB-5226,2.6057608,0.1207064,10.46275,2.8325715,4
MB-7068,2.2719903,1.5855043,10.55548,1.9750468,9
MB-0157,2.7536106,1.7156779,11.395465,2.8498065,4
MB-5155,2.4317932,0.26848796,10.308876,2.9990604,4
MB-7279,2.7882311,0.6760541,9.768481,2.756496,9
MB-5148,2.104248,0.9959438,11.179492,3.082394,4
MB-7231,1.983739,-0.21366328,10.647215,1.9864987,4
MB-2969,2.7226033,1.0319835,11.359637,1.62332,3
MB-0478,2.1231384,0.8076116,11.571391,2.6360064,3
MB-5271,2.3197172,0.5477989,9.948515,2.6230133,9
MB-4758,2.930367,1.2006352,11.239509,2.979212,10
MB-0623,2.04755,0.8259085,11.302422,2.456765,4
MB-5401,2.0053005,0.7580276,9.781314,2.9111347,7
MB-5221,2.8442626,0.33660966,9.789956,1.7870511,8
MB-5296,2.5958426,1.1326413,11.052368,3.3279827,5
MB-5131,2.5520973,0.23824596,10.108712,2.8026605,8
MB-5313,2.6013966,1.4815433,10.954548,3.4480069,1
MB-4643,2.994017,0.63848567,10.427844,3.0929186,5
MB-2896,2.5187037,0.99816525,11.527328,1.6883435,4
MB-0283,2.0628316,1.2192698,10.790592,1.9955387,1
MB-4806,2.9051683,0.5339576,10.912676,1.9947897,3
MB-0631,2.496595,0.6200803,10.165892,1.2966596,8
MB-0397,2.0615938,0.77609336,11.355451,2.437023,4
MB-2932,1.69379,0.583767,10.080459,2.198101,2
MB-6318,2.4467845,1.3137053,10.836569,2.293427,10
MB-7182,2.5912862,0.98529243,9.889137,2.435113,9
MB-6069,1.7693036,1.0514513,10.021475,2.6019769,7
MB-0327,1.7105252,0.60743445,10.48297,1.9232212,3
MB-5301,2.9389324,0.6586461,10.652387,2.394587,8
MB-4790,2.273824,0.5729695,9.939982,2.5024364,7
MB-5166,2.561463,0.6836153,10.145523,2.6105268,5
MB-5060,2.7002597,0.2138873,9.850735,1.9766073,8
MB-6113,2.4400818,0.97192013,11.061354,2.6208365,5
MB-2642,2.372364,1.1895249,11.07496,1.5667983,1
MB-5193,1.9402815,0.1969425,9.965716,2.3021162,7
MB-3303,2.116818,0.80861074,11.011493,1.6236597,4
MB-4313,3.2911026,0.27077514,9.516122,3.2620356,4
MB-4893,2.8270884,1.6600407,11.074648,3.1793659,10
MB-5477,2.179927,0.43323678,10.096434,1.8657477,3
MB-7293,2.1463013,1.1068556,11.042225,1.6061285,3
MB-5360,2.9816787,0.25003734,9.69481,2.261635,8
MB-4925,2.8222327,0.54233384,10.454652,2.4189663,7
MB-0571,1.5584774,1.1263252,10.411452,2.2230718,7
MB-0453,2.265678,1.2021178,10.846627,2.295565,2
MB-6051,3.1134768,0.24905029,10.300955,2.5038025,3
MB-2977,2.214009,0.74138594,11.252534,1.6864502,7
MB-5238,2.7039177,0.93948925,10.926236,3.304024,5
MB-5218,1.8589952,1.0490094,10.05951,2.2389007,1
MB-5078,2.8251753,0.3295534,9.930402,2.29375,5
MB-5520,1.7129097,1.1625029,10.588385,2.3462863,7
MB-0099,2.479818,1.1861492,11.364919,0.82447684,4
MB-0578,2.1843777,0.70302373,11.4857435,2.7016225,4
MB-3367,2.893191,1.842965,11.427187,3.0049007,10
MB-3462,2.345093,1.0752492,10.939534,1.7453841,3
MB-5213,2.2628608,1.7027321,11.015215,2.8941112,5
MB-5441,3.0401607,0.46612218,10.279404,2.9639862,4
MB-4880,3.0392,0.570019,9.929413,3.285485,9
MB-0618,2.1498392,0.50270116,10.057454,1.8179803,3
MB-3083,2.175067,0.45093122,9.899526,1.8540404,1
MB-0585,1.8878663,0.6104212,10.729383,2.292982,6
MB-7121,2.9804583,1.6939367,10.8934145,3.2450013,10
MB-4896,2.6322846,1.0390096,10.853528,2.8257442,5
MB-0588,1.9623607,0.9900436,11.318685,2.9551158,4
MB-4146,3.1909533,0.6876755,9.914883,3.4539182,4
MB-7270,2.7571447,1.3166993,10.943562,2.9098995,10
MB-5358,2.9182997,0.2856211,10.153194,1.8477805,3
MB-5417,2.7320755,1.0548615,10.743315,3.3856864,5
MB-5227,2.0960836,0.8385089,10.499253,2.590952,4
MB-4737,2.0817182,0.692356,10.318041,2.1548889,1
MB-7229,2.9146643,0.2781462,10.35063,1.444283,8
MB-4618,2.4579422,0.072759375,10.048183,2.1996117,1
MB-0221,1.839273,1.1698554,11.070592,2.5574946,4
MB-0401,2.7130156,1.4482305,11.296975,2.6717298,10
MB-6305,2.4727638,1.83488,10.983356,2.880223,10
MB-0270,2.1253624,0.2828057,10.441844,1.7412043,10
MB-5425,2.0083709,0.40865675,10.322703,2.567396,7
MB-4351,3.1875272,0.5130566,9.756032,3.2282152,1
MB-5584,2.284711,1.6455934,10.920501,2.5135756,1
MB-2711,2.1289034,0.7716021,10.780177,1.5341688,7
MB-6212,1.7930293,0.8854619,10.179747,2.7681587,7
MB-0367,2.39793,0.9832317,11.454475,2.559946,4
MB-0435,2.250487,1.6849726,11.98207,2.7960908,4
MB-5638,1.9411399,0.83510506,9.76453,2.5927362,7
MB-0582,2.9941397,1.429679,10.599779,2.1336942,10
MB-4849,3.1338687,0.4498611,9.715826,1.8399245,8
MB-0615,2.1823373,1.3217546,11.142144,1.8632767,5
MB-4670,2.5672817,0.067917116,9.848637,2.8570967,7
MB-2747,2.4004586,0.711583,10.293196,1.309883,8
MB-6063,3.0935602,0.39320308,9.864856,3.1884387,5
MB-0304,1.6772414,0.5600379,10.401434,2.1840029,6
MB-7031,3.3162937,1.9031456,10.998313,2.6107314,10
MB-4965,2.2268708,0.31238216,10.232875,2.5448606,4
MB-4368,3.2582912,0.37630516,9.607249,3.0684435,8
MB-4667,2.984039,0.7948486,10.262971,3.2539425,4
MB-5434,2.5554109,0.13534433,10.063431,2.7182605,9
MB-7225,3.0826101,1.3021189,10.712667,3.0779593,10
MB-5022,2.5540948,0.22568183,10.529509,2.263127,5
MB-0171,1.7832822,0.77148575,11.002484,2.383467,4
MB-0431,2.1046546,0.7888436,10.658421,1.6070414,3
MB-5452,2.0445426,0.3537093,10.265779,2.7414632,2
MB-3360,2.693453,0.8548014,10.630015,1.5665857,5
MB-4784,2.9323232,0.40793866,10.088893,3.048846,1
MB-7173,2.5096374,0.63113475,10.443461,2.2818305,8
MB-4707,3.296858,1.6887332,11.193843,2.6171875,10
MB-7000,2.2687302,0.37823895,10.120271,2.7255266,1
MB-2947,2.438278,0.6187617,11.44947,1.7276659,4
MB-7003,2.43475,0.7138133,11.00608,1.582424,3
MB-5017,2.5480113,1.6217532,11.062984,3.3270848,4
MB-4886,2.64707,1.2040652,10.520594,2.822234,5
MB-5589,3.1083994,0.3463846,10.113466,2.0048823,8
MB-4981,3.1674926,0.37586972,10.2007,2.3013122,3
MB-5577,2.4114873,1.7586545,11.171031,3.1438658,3
MB-5102,3.2949877,1.171792,10.546434,2.775525,10
MB-4814,2.269996,0.52449906,11.102794,2.9751148,4
MB-7215,2.4591088,0.8209171,11.379688,2.2836385,4
MB-4843,3.099933,0.7164977,10.331051,2.061476,8
MB-4001,2.8029752,0.27966025,9.902396,3.2068012,7
MB-5224,2.4885476,0.38522446,10.292164,2.6759863,7
MB-7040,1.880013,0.45462027,10.940023,1.9508057,4
MB-0428,2.586326,1.3399512,9.995917,1.958978,9
MB-5294,2.7908792,1.4535342,11.2089615,3.0745027,10
MB-7011,2.2052994,0.9774764,10.569777,1.3926347,9
MB-5406,2.9313238,0.7881914,9.797179,2.728626,9
MB-2939,2.5508354,1.0517056,11.278023,1.54458,5
MB-4763,2.864145,1.0963187,10.574957,2.7536945,5
MB-5116,2.5354874,0.4430298,9.568962,2.1626256,2
MB-7299,2.1920698,1.4841272,10.820894,1.9421899,10
MB-4771,2.4509678,0.63651156,10.021819,2.4907913,8
MB-3122,2.5772192,1.3012019,10.510696,1.9384438,9
MB-0646,2.2843812,0.85604006,10.160672,1.2922167,8
MB-4332,3.1882036,0.7385612,9.998845,3.3720036,10
MB-0269,2.281787,1.5954553,11.89329,2.7132833,4
MB-5467,2.3924007,0.4813229,10.888078,3.115634,7
MB-0301,1.6724876,0.9409301,10.551734,2.050217,7
MB-5264,3.1965308,0.4537729,10.125347,2.1506262,8
MB-6030,1.9201664,0.95538086,10.003149,2.7829952,7
MB-0321,2.3086815,0.5247633,9.809682,1.8222783,8
MB-0519,2.3429344,1.7460407,11.325055,3.054315,4
MB-4820,1.9013057,-0.15895484,10.543978,2.0732331,2
MB-0259,2.7859933,1.9253753,10.932968,2.2979531,9
MB-5110,2.4901314,0.08047715,10.603922,2.50616,3
MB-7199,2.1679823,0.093751356,10.497751,1.6880414,8
MB-5235,2.4967306,0.96928436,11.108693,2.998533,9
MB-5596,2.801487,0.41853204,10.6997595,2.1876569,3
MB-2721,2.3787754,0.17065327,10.447141,2.6005247,7
MB-0149,3.2605045,1.6602616,11.113164,2.878603,10
MB-0179,2.274426,1.5927721,11.717931,2.897601,4
MB-0311,2.826605,1.1146544,10.166343,1.8462218,8
MB-0319,1.8010249,0.44344854,10.144743,2.3851452,2
MB-5470,2.6749775,0.81860113,10.068228,2.7671292,9
MB-7288,2.4892075,0.9852891,10.598639,1.1628686,8
MB-7253,2.168948,0.7883233,10.620305,1.9640131,3
MB-5076,3.130061,1.6229119,11.070559,3.1761558,10
MB-6204,2.0898628,0.898524,10.978115,2.4523485,4
MB-0657,2.5101535,0.8187377,11.246061,2.222029,4
MB-0174,2.6491628,1.5136085,11.455709,3.1415908,4
MB-2999,2.350807,0.2815007,10.46486,2.4929543,7
MB-2820,2.7605028,0.45202538,10.985849,2.0538442,3
MB-0621,1.80606,1.0171256,10.89445,2.3748622,4
MB-7164,2.3063202,0.09387731,10.50593,2.1160252,3
MB-0309,2.6678154,0.44241577,10.099353,1.5656208,8
MB-7030,2.309749,0.8894941,11.458028,2.8690238,4
MB-5061,2.0611315,0.7679703,9.825132,2.814232,7
MB-3435,2.8209562,1.2000397,10.785665,1.6884114,5
MB-5597,2.3691404,0.6021286,10.431165,2.2447183,3
MB-5554,1.9171914,0.5339009,10.73356,2.4433484,2
MB-7275,2.2857924,1.1952254,10.600662,1.4494818,5
MB-0291,2.378239,1.1257907,10.348589,2.0329359,5
MB-3403,2.4879687,1.1733057,10.845699,1.5944185,3
MB-5268,2.4642003,0.26909626,10.4934435,2.6204863,3
MB-5174,3.1099708,0.37726673,9.613974,3.143762,5
MB-6103,2.505535,0.90583074,10.929144,2.5351205,3
MB-4797,2.5072534,0.43708974,10.596981,2.0745742,2
MB-4931,2.7372186,1.7802144,11.058869,3.3328054,10
MB-5525,2.0048614,0.2555811,10.206994,2.271165,7
MB-5240,1.8870463,0.7404872,10.412149,2.7247438,7
MB-5622,2.4119334,0.95588434,9.842355,2.0824473,1
MB-5018,2.972065,0.6849831,10.402184,1.4761207,8
MB-4362,2.791796,0.23316386,9.978767,3.0920758,4
MB-5334,2.622028,0.8152828,9.693093,2.4381325,9
MB-2850,2.778398,1.6665105,11.399285,2.8928905,10
MB-5230,2.4324677,0.6688999,10.695892,2.638149,3
MB-4996,2.3351605,0.08494621,10.109033,2.7476962,7
MB-5074,2.7555752,0.35661298,9.914273,2.4953384,3
MB-5204,2.5065894,0.12140225,10.074824,2.5636017,3
MB-6147,2.2569232,0.92203057,11.578251,2.6366582,4
MB-4822,2.1894064,0.55150616,10.736142,2.4517999,4
MB-4894,2.8526943,0.44306606,10.3482895,2.4545777,8
MB-0153,2.2803006,0.91438895,11.68291,2.7685425,4
MB-0884,2.7059288,1.1548067,10.072726,1.7427071,9
MB-5200,2.4798777,0.8311134,9.872179,2.6781752,1
MB-3171,2.0931544,0.49456403,10.946836,1.7719934,7
MB-3361,2.630259,1.2013404,10.73588,1.7040493,5
MB-7050,2.6272063,0.38261014,10.593638,2.11081,5
MB-4881,3.2918723,1.7228874,11.215511,2.9173865,10
MB-0399,2.0189009,1.0831413,11.132222,2.9173765,4
MB-6017,2.2237535,0.003341458,10.111764,2.0818176,3
MB-0893,2.2295406,1.6883464,12.099164,2.799672,4
MB-4899,2.8052378,0.66263646,10.2226925,1.9711283,3
MB-4870,2.66575,0.2884882,10.802417,2.7184722,3
MB-6145,2.5864625,0.45099717,10.122813,3.1255982,7
MB-5126,3.0633235,1.7300009,10.742901,2.8010447,10
MB-4675,2.6451116,0.043889247,10.019828,1.8831025,8
MB-0537,2.102297,0.80090505,11.660868,2.6771984,4
MB-2853,2.3387117,0.5169163,11.298726,1.7027059,6
MB-5412,3.202288,0.47452456,10.173781,2.1354249,3
MB-0361,2.4411278,1.2388304,10.306336,1.6658853,5
MB-0509,2.659897,0.98398924,11.047807,2.4842918,3
MB-5601,2.4116933,0.5449381,10.412425,1.7522833,3
MB-3497,2.809432,0.9376268,11.263376,1.642675,5
MB-0166,2.2249262,0.42482173,10.960026,2.75164,4
MB-0423,2.0425584,1.1255062,11.212885,1.861931,3
MB-4141,3.2896667,0.1752961,9.368515,3.2155464,7
MB-5458,2.467488,1.0309843,10.763908,2.552948,5
MB-3556,2.4060316,1.7715259,10.814322,2.6570787,1
MB-5548,2.768607,1.3374522,11.013675,3.0720055,10
MB-0257,2.4827447,0.48878935,10.1771965,1.5446107,8
MB-0632,2.3056448,0.8679682,11.114146,2.3974028,4
MB-0150,2.7399087,1.9052204,11.298154,2.9410417,4
MB-0899,2.6607273,1.0894344,10.17603,1.660539,8
MB-5603,2.70929,1.0776767,10.520492,2.5762386,2
MB-2814,2.2194076,0.8055017,10.572715,1.87858,3
MB-3748,2.26953,0.21932687,11.153614,1.8023634,4
MB-5138,2.9431615,1.6128799,10.782739,3.069493,10
MB-4598,2.9707937,0.2055934,9.576054,2.2858014,8
MB-0351,1.932957,0.19578679,10.441225,1.5308979,3
MB-0380,1.8248779,1.3396168,10.2854395,2.0396757,9
MB-0062,2.4892824,1.2270727,11.36587,0.7789557,10
MB-0359,2.6985822,0.44034156,10.64183,2.356094,3
MB-3466,2.314483,1.309377,10.539417,2.0272732,2
MB-0232,2.7176342,0.49985325,10.120891,1.2814264,8
MB-7185,2.907212,0.22213556,10.06238,1.6155521,8
MB-4770,2.5632842,1.6238468,10.779376,2.8897145,10
MB-2821,2.2728148,1.2221316,11.735383,2.4602582,4
MB-6182,2.4631236,1.7452796,10.723686,2.7529294,1
MB-0652,2.039805,1.0725358,10.468996,2.0899072,5
MB-5474,2.6649458,1.4438289,11.099395,3.3381033,5
MB-4982,2.794639,0.58914435,10.563124,3.1963468,4
MB-7149,2.3573556,1.0308752,10.135401,1.9660531,9
MB-5653,2.7248502,0.7075844,10.488883,2.3583696,9
MB-5044,2.084803,-0.13758129,10.577637,2.3217804,4
MB-0549,1.8970798,1.0457432,10.701422,2.0746377,5
MB-4722,2.7880976,0.19242753,9.9206085,1.6187633,8
MB-3092,2.6135077,0.64749223,9.740095,1.7642499,8
MB-0071,2.5167978,1.1574073,11.387675,0.8580451,8
MB-5326,2.9009204,0.2699932,10.547754,2.96832,4
MB-5626,2.914706,0.5978164,9.930606,1.9420235,8
MB-0125,2.3806431,0.40625054,10.123576,1.3051896,8
MB-7057,2.3622992,0.58242464,11.168183,2.1920655,4
MB-5197,2.3689623,1.0405631,9.987496,2.1534224,9
MB-4018,1.999426,0.33742914,10.530259,2.5681462,7
MB-0325,2.4526687,1.2646621,10.3250065,2.323746,10
MB-5015,3.0305836,0.4017764,9.892948,1.786491,8
MB-7286,2.3340738,0.62227327,10.322798,1.5878904,3
MB-7150,2.7443948,0.7074747,10.899115,1.8459253,3
MB-2833,2.6828854,1.8331895,11.309364,2.959192,10
MB-0597,2.2318404,0.9187024,11.541452,2.446843,3
MB-7236,2.0033317,-0.03342787,10.433672,1.5632972,8
MB-2778,2.6249695,1.166574,10.446124,1.5683827,3
MB-4836,3.1144826,0.24061137,9.780418,3.0381815,4
MB-4407,3.2236516,0.65580875,9.906857,3.3179188,10
MB-7083,2.1793404,0.93919426,10.264312,2.1553347,9
MB-6055,2.8095343,1.9550291,11.228397,3.1097891,10
MB-0395,2.1644745,1.3941529,10.600628,2.0024416,5
MB-6287,2.5169897,0.44577625,10.096908,2.4627254,1
MB-7052,2.8204522,1.9794785,11.156125,3.033706,9
MB-5444,2.1099708,0.40016982,10.278699,2.304902,7
MB-0573,1.804222,1.1584679,10.991379,2.7562897,7
MB-0372,3.1972516,1.8441263,11.027501,2.6363118,10
MB-5396,2.7499175,0.6182816,9.81499,2.5770793,9
MB-0111,2.3106863,0.73537093,10.899588,1.76442,3
MB-4708,2.6865869,0.0185026,10.42059,2.435588,3
MB-0649,2.1727412,1.3284101,10.268886,2.311833,7
MB-5451,2.9414687,0.3511936,9.998398,1.8642031,8
MB-0558,3.0248451,1.7765676,11.118895,3.0576634,10
MB-0443,1.7497855,1.2359445,10.696517,2.4301398,7
MB-0503,1.7142756,0.86317885,10.484248,2.461418,7
MB-4968,2.1079805,0.5626405,10.684481,2.5898378,4
MB-0173,1.7644275,0.8088955,10.322588,1.8605473,7
MB-2763,1.9302266,0.5334067,10.820687,1.8395561,4
MB-4264,2.9479914,0.47027493,9.658311,3.1507466,7
MB-6302,2.2535813,0.96046287,9.733534,2.275445,9
MB-0605,2.854273,0.76134205,10.296213,1.7043182,8
MB-0643,2.3608382,1.8665552,10.989791,2.7622986,5
MB-2724,2.4740117,1.7822301,11.348051,3.5123491,4
MB-7133,2.4525013,0.7026268,10.442087,2.2537463,1
MB-0133,2.661183,0.13291135,10.432429,2.0937757,8
MB-7294,1.9273753,0.94705296,10.113726,1.8875753,1
MB-0135,1.6120951,0.7989724,10.44772,2.0118704,2
MB-0429,1.7449627,1.0020958,10.2538395,1.7041907,1
MB-2517,2.9018261,0.98829657,11.31371,1.706905,5
MB-3452,2.5521863,1.0122222,11.562285,2.0078065,2
MB-5163,2.6778793,0.18699908,10.07991,2.6208928,3
MB-6168,1.9763478,1.1240937,10.560571,2.506898,7
MB-0341,2.57249,1.1758744,10.326762,1.4604201,8
MB-0258,1.8232758,1.1403065,10.13354,2.4969223,7
MB-2944,2.3928454,0.7697367,10.666626,1.446827,8
MB-0209,2.1781056,1.695289,12.111002,2.774617,4
MB-5383,2.9949176,0.44262087,9.813626,2.2887433,8
MB-2564,2.8579404,0.6880455,10.958878,1.44558,8
MB-7075,1.8437601,0.7432645,10.160986,2.2442107,1
MB-5330,2.9620638,0.30742025,9.822411,2.5125291,8
MB-4633,1.844157,0.456377,10.535786,2.3908615,4
MB-6272,2.8783622,1.5233977,11.182858,2.986345,10
MB-7188,1.9799235,0.09794996,10.225318,2.1048625,7
MB-0144,2.4193902,0.7475456,10.264453,1.3737559,8
MB-7170,2.6448894,0.05083284,10.628794,2.533066,4
MB-7113,2.7947345,0.5012457,10.470641,1.9571335,7
MB-6138,2.7915924,0.9074848,10.435799,2.2315986,3
MB-3576,2.8109398,0.7375843,10.966954,1.431477,6
MB-7022,2.7857473,0.9313718,10.026996,1.5312504,8
MB-3439,2.7053435,0.9041413,10.472405,1.2988712,8
MB-5582,2.886604,0.42787334,10.69445,2.4680686,3
MB-0545,1.7309471,1.2716714,10.791267,2.2845244,6
MB-7197,2.6601117,0.22635321,10.204705,1.7332554,8
MB-7127,1.7520521,0.8524096,10.394972,2.6597426,9
MB-0501,2.394597,0.29331213,10.088811,1.5754654,8
MB-3033,2.485759,0.642373,10.800564,1.369387,3
MB-0278,3.209148,1.7530168,10.852389,2.5856278,10
MB-0198,2.4962356,1.2694906,10.627546,1.3934528,8
MB-5143,2.4437823,0.3007166,10.263177,2.8149009,4
MB-5327,2.3309996,1.3724672,10.683121,2.8979735,5
MB-0305,2.7027898,1.0775112,10.094652,1.7538055,8
MB-2770,2.3784664,0.39534378,10.632719,1.4368719,8
MB-0514,2.513977,1.0926741,10.255121,2.2044387,3
MB-0167,2.5484638,1.2082485,9.945801,2.05752,9
MB-5588,2.5505912,1.6865664,11.2685175,3.4201484,4
MB-6097,3.3168879,0.23648335,9.437522,3.1951697,8
MB-3167,3.161571,0.19590117,9.606386,2.37821,8
MB-0131,2.617402,0.5169052,10.037608,1.460575,8
MB-0638,2.1442368,0.74448127,11.397558,2.3370414,4
MB-0152,1.9670221,1.3472253,11.031174,2.764278,4
MB-6124,2.049084,0.15360156,10.658457,1.9697967,3
MB-2957,3.188932,1.8588657,11.441059,2.684577,10
MB-4630,3.246668,0.26739708,9.491266,2.8674662,8
MB-2994,2.797144,0.71301955,10.96524,1.8128356,5
MB-2990,2.976122,0.3397506,10.384423,1.6578869,8
MB-6189,1.9284962,0.41471425,9.898559,2.4118402,7
MB-4642,1.738195,0.7091733,10.45455,2.2459068,6
MB-7140,2.2206473,-0.03362351,10.518681,1.9845752,8
MB-7219,2.5969963,0.38811517,10.62151,1.6908686,8
MB-3476,2.7500238,1.7519469,11.15045,3.2472503,10
MB-5084,3.0645864,0.3763246,9.79803,2.1530945,8
MB-4825,2.8791268,0.2678488,9.936922,1.9831146,8
MB-4653,2.5261042,0.4652325,11.096445,2.7278461,3
MB-5145,3.0586793,1.2925351,11.249151,2.833207,9
MB-0230,2.0459137,1.4768096,10.906644,2.5479946,5
MB-4145,2.6014092,0.53005147,10.393575,3.0208635,4
MB-6178,3.0894475,1.6951878,11.376757,2.8221521,10
MB-5097,2.7194376,0.76124805,10.338367,2.5880492,1
MB-5092,2.9176319,0.41780365,10.712811,2.0935972,3
MB-2901,2.5068014,0.4502974,10.78161,1.5152721,8
MB-3866,2.416948,1.3769424,10.896343,1.8471849,5
MB-0891,2.6784854,0.6866929,10.564744,1.716675,3
MB-7226,1.9815152,0.61541253,10.358999,2.0144815,6
MB-4956,2.2889621,0.4357502,9.958592,2.5109282,1
MB-5214,2.419164,0.58987534,10.936469,3.179002,2
MB-7195,2.6369367,0.23889354,10.159222,1.6762726,8
MB-6242,3.1993022,1.7728659,11.098577,3.040833,10
MB-2634,2.6577346,0.8657278,10.534263,1.2779361,2
MB-5567,2.449433,0.40185508,10.060194,2.191943,3
MB-7004,2.6690645,0.27320912,10.212157,1.8794254,8
MB-7152,2.2056272,1.1932708,9.910657,2.048215,9
MB-6226,2.5256674,0.7896147,9.96416,1.4748666,8
MB-2536,2.698323,0.87211126,11.409049,1.5432032,3
MB-6334,2.778641,0.8103795,9.780184,2.58412,9
MB-0130,2.3058217,0.95489746,10.46825,1.8243282,5
MB-7154,3.055998,1.6128588,11.350776,2.734055,10
MB-7015,2.607324,1.0167542,10.501843,1.4117001,8
MB-2815,2.3113577,0.46519464,11.336562,2.4327707,3
MB-5212,2.7774408,0.9092118,10.182972,1.8893583,5
MB-4011,3.116456,0.6883943,10.162722,1.9798844,8
MB-7101,2.5008538,0.34689388,10.573227,2.0462103,3
MB-5634,2.7627442,1.7171782,11.181402,3.305286,10
MB-3110,2.9747863,0.37684637,10.373207,2.5119843,3
MB-4714,3.1812093,1.207576,10.592779,2.9367156,10
MB-0474,1.8884003,1.0453308,10.757095,1.9703941,9
MB-6021,2.9210103,0.15186001,10.275846,2.7149477,3
MB-0505,2.0863388,0.8932168,11.339302,2.4113994,4
MB-7038,2.5959446,1.4712507,11.458694,2.5665534,10
MB-7072,2.5460799,0.8627858,10.322982,1.728348,1
MB-0553,2.594016,0.34694386,10.237901,2.0486305,5
MB-3502,2.7579696,1.7083776,11.123107,2.8025262,10
MB-3062,2.767676,1.6639988,11.432523,2.7415717,10
MB-3386,2.3977914,1.7606503,10.7898855,2.6653297,1
MB-5014,2.429871,0.21465634,9.841335,1.9779574,6
MB-3298,2.899258,0.7865361,10.76178,1.3572376,3
MB-2846,2.7276204,0.8703026,11.334489,1.8228824,4
MB-5162,2.278572,1.3926569,11.854026,2.9074197,4
MB-0163,2.7609859,1.4238272,11.464481,2.7878337,10
MB-4929,3.0373852,0.26163846,10.139671,2.698056,5
MB-5351,2.479237,0.8819175,11.058552,3.17103,4
MB-4749,3.0621896,0.47957715,9.770321,1.9104146,8
MB-0525,2.262927,1.4986439,11.104591,2.5663,4
MB-5422,2.886729,0.2744804,10.129188,2.805806,6
MB-0607,2.232931,1.2814931,10.944617,2.2999501,4
MB-4127,3.1408353,0.39555326,9.85696,2.9252872,5
MB-0438,2.1537476,1.6188251,11.149145,2.5029397,5
MB-4641,2.5491843,0.109262265,10.280736,2.4055803,3
MB-3526,2.4007194,1.3627604,10.131296,2.201703,6
MB-4742,2.6028955,0.12649734,9.832509,1.9750654,8
MB-4626,3.0810826,0.42231223,9.592241,3.0584266,1
MB-0234,2.4662316,0.7701184,10.196531,1.3659561,8
MB-4897,2.2833297,0.6227002,11.268069,2.9125896,4
MB-5455,2.9205904,0.50791377,10.209782,3.2310991,4
MB-0907,2.4674566,1.4305574,11.206498,3.2096066,4
MB-0200,3.3043787,1.9207827,11.005748,2.540546,10
MB-4602,2.2066524,0.5055026,9.775534,2.8307023,1
MB-7019,2.3306594,0.86820525,10.763978,1.3692296,3
MB-3067,2.92697,1.9622699,11.293814,2.9004102,9
MB-2752,1.9245864,0.58204144,10.710269,2.276808,7
MB-0466,2.011204,0.9615759,10.445241,2.2060835,1
MB-5281,2.2339869,0.654036,10.887142,3.1364503,4
MB-0205,2.0969796,0.84932387,11.5167265,2.2551727,3
MB-6207,2.531888,0.5867538,10.19229,1.4362805,8
MB-5647,2.1899097,0.5782275,9.981487,2.5122936,6
MB-2643,2.2950974,1.6389115,12.024133,2.71629,4
MB-5450,2.872267,1.7786636,11.061418,3.118329,10
MB-4310,3.1162713,0.2218073,9.507113,3.2081213,7
MB-6022,2.5479357,0.42320353,9.654417,2.5917995,8
MB-0402,2.18952,0.9702011,11.598403,2.6898289,4
MB-4778,2.059831,0.31355414,10.977651,2.3059316,4
MB-5571,1.8972642,0.3503922,10.32098,2.1714313,7
MB-2725,2.171622,0.62467813,11.455466,2.4825494,4
MB-0375,3.1419892,1.8386524,10.9648905,2.4965317,10
MB-4900,1.938677,0.8060843,10.647671,2.5270238,6
MB-4934,1.9577789,0.40797976,10.074283,2.4125628,7
MB-3865,2.2515833,0.9316766,11.323439,2.0849473,3
MB-0522,2.4458766,1.0135791,10.504629,1.3130795,5
MB-5186,2.1808734,0.7197153,10.656368,2.7851772,6
MB-5491,2.9044945,0.5428922,9.683887,1.846896,8
MB-0249,2.33982,1.4702364,10.572094,2.0415788,10
MB-2616,2.3926582,1.0882477,11.405281,1.6564143,4
MB-0363,2.168169,1.4771599,10.440328,2.3051863,2
MB-0897,2.0530643,0.47838208,10.863329,2.7199724,4
MB-5575,2.406698,0.98109096,10.338381,2.2476394,1
MB-7081,2.801482,1.9763528,11.357011,2.8780746,10
MB-0480,1.6669639,0.9674051,10.388913,2.4683557,9
MB-0207,2.5861971,0.88027793,10.256149,1.3477107,8
MB-5222,2.6433668,1.8856342,11.061479,3.1427302,10
MB-0417,1.9179524,0.42428696,10.355003,2.3510265,7
MB-0048,2.5277224,1.2509211,11.429091,0.86569583,4
MB-0661,1.853356,0.14944865,10.167043,2.1416044,7
MB-5527,2.4977095,1.7345243,11.307484,3.4959576,4
MB-5233,2.8133187,0.08454947,9.746212,2.3499029,8
MB-5172,2.7378752,0.8172881,10.572959,2.5492353,5
MB-4793,3.2759173,1.0599253,10.45146,2.7567134,10
MB-5073,2.0620985,0.42970157,11.2679825,2.7965157,4
MB-4945,3.1474128,1.141055,10.679502,3.1153715,9
MB-3254,2.56579,0.6658874,10.933843,1.7006918,3
MB-2916,2.4895804,1.0097152,10.638154,1.2875191,3
MB-0223,1.8851177,0.8438434,10.702384,2.4388452,4
MB-2708,2.1691527,0.9110729,10.850199,1.5682614,7
MB-6344,2.4635305,0.6778641,9.993097,2.1338603,1
MB-0354,2.288533,1.799744,11.261553,2.8315885,4
MB-0136,2.1364107,1.3458811,11.022147,2.1020622,3
MB-2793,2.5147655,0.6107386,10.011488,1.3921208,8
MB-4672,1.7784989,0.66501004,9.807011,2.6826665,7
MB-0532,2.4719882,1.3636628,10.394129,2.0869772,9
MB-5140,2.5143697,0.4858711,10.337773,3.0294323,1
MB-0626,2.3513532,1.0541196,10.240468,1.6252567,1
MB-0356,2.5514302,1.0300676,10.239724,1.5077456,8
MB-3530,2.6921616,0.641707,11.084716,1.6608305,8
MB-0446,2.532164,1.5211118,10.768815,1.8423975,10
MB-3121,2.2025666,0.6909343,10.819559,1.6070848,3
MB-5398,1.8562405,0.361829,10.370887,2.1457179,4
MB-4887,2.3967135,1.0921072,11.008351,2.787659,4
MB-5418,3.2300658,0.4300546,10.00257,2.193836,5
MB-0151,2.186317,0.6710216,9.982573,2.142504,2
MB-0483,1.7817518,1.2475995,10.315053,2.265926,1
MB-5054,2.5274975,1.5936544,10.949444,3.014744,5
MB-6322,2.1673293,0.87397546,10.941366,2.1849315,4
MB-5620,2.5867336,0.3717468,10.465866,1.9558524,8
MB-5655,3.2660658,1.5929718,10.976399,2.7833536,10
MB-6049,2.6343358,1.0973749,10.303866,2.2523263,5
MB-7256,2.4863515,0.77625656,11.115096,2.3690505,5
MB-4977,2.908661,0.6674597,9.926424,1.8038057,8
MB-4732,3.0258217,1.6433207,10.898105,3.0343986,10
MB-0551,2.0139024,0.7307257,11.514585,2.8986068,4
MB-7090,2.206852,0.85598713,11.015577,2.5422666,10
MB-3840,2.2289286,0.54371315,11.010804,1.6600577,6
MB-5521,2.5249777,1.6784889,11.043001,3.2830474,4
MB-5231,2.810743,0.5572127,10.464596,2.691851,5
MB-6218,2.2419143,0.9911017,10.717867,3.01041,1
MB-0369,1.6788973,0.9759132,9.970425,2.2281446,1
MB-2845,2.4952369,0.9888449,11.622327,2.1027741,4
MB-5511,2.5927787,0.970872,10.49855,2.2073367,10
MB-4986,2.4727993,0.9627371,9.800955,2.4162655,9
MB-3297,3.086719,1.6907637,11.168073,2.418286,10
MB-7054,2.4965055,1.4812094,10.758444,2.7157636,10
MB-0336,1.7450354,1.1080439,10.7268305,1.9007345,10
MB-2712,1.7317259,0.6073277,10.551696,2.2466087,7
MB-0584,1.9176749,0.77372766,10.316642,1.9979529,7
MB-5113,2.143955,0.66941506,10.857369,2.9972537,1
MB-3488,2.9132338,0.9370223,11.135688,1.9431372,5
MB-0494,2.4239423,1.7402925,11.299127,2.746325,4
MB-4710,2.747391,0.24684072,10.60277,2.721013,3
MB-5646,2.6409583,0.71358776,9.967492,2.0732505,1
MB-5546,2.2227395,0.3345568,11.008985,2.7147236,7
MB-5105,2.368115,0.07951698,10.088723,2.5144935,8
MB-0289,2.1998415,1.6474993,12.015928,2.7820477,4
MB-4992,2.7240853,0.31236255,10.315542,2.5288491,3
MB-5058,2.0361307,1.109898,10.835689,2.9507227,7
MB-0313,2.7551932,1.1005361,10.3339615,1.7061212,10
MB-0358,1.9163394,1.435319,10.816511,2.4185517,9
MB-2993,3.0772526,1.5418335,11.291537,2.3429527,10
MB-0233,2.319953,1.3560699,10.256455,1.7358474,2
MB-4709,2.8840404,0.190588,10.081232,1.8355982,8
MB-7008,2.1255996,1.1858592,11.362908,2.793303,4
MB-5642,2.1519048,0.20057657,10.650999,2.6546519,4
MB-6019,3.0011904,0.52178854,10.031129,3.2346683,4
MB-3479,2.2929823,1.1261158,11.772086,2.4338517,4
MB-5244,2.148956,-0.017412458,10.0333605,2.1647096,6
MB-3396,2.774456,0.84558016,11.198987,1.8421552,3
MB-7189,2.3551133,0.42756087,10.729752,2.3229623,1
MB-7124,1.7958505,0.3681758,10.117991,2.273212,7
MB-7233,2.592795,0.34353727,10.217081,2.3631701,8
MB-3235,2.6252131,1.1420317,11.31523,2.1107643,5
MB-7020,2.5722005,1.3955979,10.603867,1.6460497,5
MB-3854,2.824893,0.43243417,10.780205,2.6169872,3
MB-4649,2.7708373,0.64608794,10.292411,2.9298642,3
MB-4941,2.8907173,0.19789332,10.388327,2.7454314,4
MB-5179,2.6579235,0.27008566,10.043558,2.5214972,3
MB-5081,2.2495077,0.76957846,10.531756,2.9254553,9
MB-5072,2.0203533,1.0997483,10.987783,3.0232742,4
MB-7176,2.6890535,0.5479276,10.372913,1.4518995,8
MB-4829,2.0022724,0.5673739,10.459185,2.6157422,7
MB-0097,2.4381132,0.52171385,9.950863,1.491759,8
MB-5065,2.7756698,1.774848,11.176992,3.1866677,4
MB-7122,2.6217542,1.2967649,10.775057,2.7883537,4
MB-0272,2.1083481,0.7496069,10.287945,1.5051328,8
MB-5183,3.1649477,0.36828348,9.957089,2.506463,8
MB-7059,2.743403,1.1381958,10.602412,1.9016856,5
MB-0666,2.3620622,1.0362872,10.607366,2.2733145,9
MB-4912,2.6707923,0.3631602,9.723264,2.099877,8
MB-3007,2.298221,0.5489183,10.693102,2.1824315,2
MB-4046,3.2540493,0.22961354,9.450922,3.1618114,8
MB-0476,2.3765726,1.6156728,11.563023,3.1159146,4
MB-5098,1.9008458,0.79945534,9.824288,2.6347578,9
MB-4250,2.2913582,0.4625351,10.845676,2.6811602,3
MB-4616,2.8948781,0.0838017,9.7652235,2.4488006,8
MB-6314,2.3749864,0.528512,10.092802,1.740691,1
MB-3228,2.3338165,0.5651062,11.23716,2.529394,4
MB-3252,2.2621315,0.73925406,11.5566,2.280099,3
MB-3453,2.8648126,1.1142235,11.354363,2.026727,10
MB-7048,2.6747887,0.43785995,10.56312,2.5327413,1
MB-7196,2.7337317,0.93397117,11.285666,2.075634,9
MB-4607,3.1971476,0.25144553,9.555844,2.8864625,8
MB-7056,2.4253197,0.5089862,10.367625,2.1172452,3
MB-2827,3.0650084,1.8222773,11.295343,2.9454496,10
MB-4171,2.8587637,0.5076298,9.7135315,3.2333093,9
MB-0600,1.5588045,1.0569973,10.213435,2.428709,6
MB-4282,2.4811678,0.6050845,10.511299,2.840346,9
MB-7148,2.560947,0.20864792,10.565707,1.9412314,8
MB-5468,3.2625792,1.871132,11.153128,2.850901,10
MB-0215,2.044924,1.1083226,10.850465,1.6786869,3
MB-4876,2.4891496,1.6927782,11.331053,3.241473,4
MB-6143,2.7876244,1.2334597,11.395435,2.6345558,9
MB-0146,2.332916,0.8242061,9.915703,1.6934136,1
MB-4673,2.3964326,0.9070234,9.922126,2.3902311,9
MB-0281,2.236813,0.72066414,11.675557,2.7348776,4
MB-0610,2.0527413,1.1531569,11.324281,2.629492,4
MB-3500,3.1432881,1.7402153,11.440871,2.4184537,10
MB-5464,1.8441615,-0.23945801,10.722856,2.0523653,4
MB-0656,2.5422223,1.5831765,11.373091,2.753267,5
MB-0229,1.7474233,0.866382,10.469082,2.0825613,7
MB-3797,2.4577088,0.20991163,10.301119,1.8189017,8
MB-0469,1.6896776,1.161808,10.575921,1.8638809,6
MB-0243,2.5395124,0.6583966,10.13488,1.5999349,8
MB-4004,2.4143786,0.64132106,9.862662,2.2441263,9
MB-5387,3.0665178,1.5135535,10.697482,3.3250651,10
MB-7155,3.288631,1.8954172,11.105103,2.447916,10
MB-0603,1.6749717,0.7809595,10.567258,1.8702829,7
MB-5169,3.0491207,0.65785354,9.944291,1.9777726,3
MB-0418,2.3587208,0.641049,9.851895,2.4422753,9
MB-5329,2.458437,0.324771,10.459798,2.767587,2
MB-6071,2.2095575,1.2377756,10.002694,2.2468784,7
MB-5635,2.2044165,0.09961104,10.709137,2.5454075,4
MB-5457,2.8859134,1.0935158,10.269305,1.9864173,3
MB-0035,2.68077,0.21458285,10.343049,2.0165484,3
MB-0287,1.7518858,1.0920556,10.248921,2.3774104,7
MB-5454,2.710991,1.1775469,10.599576,2.7610245,10
MB-5576,2.2805858,1.2012475,10.622641,1.9476117,1
MB-2760,1.8026351,0.4344335,10.514039,1.9884686,7
MB-4937,2.3374505,1.1803597,10.410492,2.2228801,6
MB-4725,2.5784276,1.290843,10.236187,2.2008655,5
MB-4119,2.9392152,0.22666337,9.572361,3.2354867,7
MB-6150,2.100983,0.98172164,10.876145,2.5794802,4
MB-4718,2.7579489,0.42861882,10.967129,2.7748091,4
MB-4798,3.2124429,0.198796,9.714157,3.0133033,3
MB-5648,2.7345004,0.3602012,10.114071,2.0697653,8
MB-4213,1.9971931,-0.24501695,10.6859865,2.2171435,4
MB-7014,2.2736897,0.94276786,11.122897,1.663255,1
MB-0138,2.442879,0.45047954,10.611193,2.4635797,3
MB-0290,2.7515116,0.7854787,10.299107,1.2659726,8
MB-5312,2.5063348,1.7870315,10.970597,2.9505816,5
MB-4012,3.250766,0.23487511,9.540174,3.104662,8
MB-2842,2.7497046,1.5430048,11.160984,2.1920462,9
MB-6231,3.0509043,0.32399336,9.879758,3.0439458,3
MB-4224,3.1264172,0.2613572,9.504351,3.1715918,4
MB-0396,3.0368702,1.907081,11.076058,2.8746805,10
MB-5223,2.3371458,1.3337507,11.264574,2.9328964,4
MB-0147,3.0226326,0.37677017,9.775427,2.9553027,2
MB-3459,2.3716722,1.232861,10.820262,1.9319015,7
MB-7268,2.4859936,0.3940188,10.608049,2.0965717,8
MB-0256,2.4606483,0.86212593,10.539475,1.3807975,3
MB-3328,2.6241527,1.1473486,10.7065935,1.5536261,7
MB-5505,2.0690308,0.12384804,10.161052,2.3974764,3
MB-4230,2.822618,0.40735212,10.145825,3.054077,7
MB-5122,2.4203668,0.093314245,10.288935,2.518157,8
MB-6256,1.8951267,-0.11624524,10.599663,1.8709415,3
MB-4091,2.907178,0.16237064,9.669691,3.2087471,4
MB-4957,2.9269304,0.2942334,9.589493,3.1784265,7
MB-3395,2.897857,1.7416408,11.3343315,2.9162924,10
MB-0404,2.4664767,0.8351229,9.961514,1.6371061,8
MB-4967,3.0702915,0.3612295,10.01438,2.396906,3
MB-6149,2.523502,0.42492783,9.654413,3.0883312,7
MB-6234,2.2216992,0.42954826,11.115375,2.7608438,4
MB-5559,2.7522712,0.996933,11.2358265,3.0625336,10
MB-5040,2.865761,0.955973,10.502567,1.8622891,6
MB-7066,2.1471066,0.78352284,11.158158,2.8910978,3
MB-5442,3.3187094,1.1428866,10.592272,2.654528,10
MB-7158,2.7609134,1.6768876,11.155894,3.292876,4
MB-6082,2.5606952,0.6046122,10.504418,2.760591,7
MB-2895,2.8394055,1.3016657,11.438171,2.0639024,5
MB-5408,2.4635181,1.6961902,11.254095,3.2501357,4
MB-5323,2.745147,1.7736979,11.221876,3.2469926,4
MB-2922,2.864933,1.075659,11.09444,1.8766098,1
MB-0349,1.7626314,0.9233632,10.590548,1.8841177,3
MB-3008,2.3683174,0.6278798,10.958819,1.4730324,8
MB-0464,2.173675,1.4743661,10.919762,2.4922464,9
MB-6125,2.1395142,0.6989132,11.278416,2.7152166,4
MB-0178,2.094931,0.9652824,10.22211,1.9728192,1
MB-0201,2.61443,1.2539744,10.276705,1.7480832,5
MB-4839,2.172788,-0.02197405,10.525036,2.2370372,3
MB-5446,2.053411,1.0512912,11.145164,2.9345655,4
MB-0392,1.648133,1.0693033,10.614397,2.4193106,1
MB-4809,3.198121,1.7478138,11.070599,3.0296524,10
MB-2964,2.2945032,1.1802627,10.729967,2.1939394,5
MB-6208,2.799552,0.7487845,10.297998,3.0571156,3
MB-5236,3.2237067,1.8983624,11.144896,2.705345,10
MB-6146,2.079729,1.246174,10.618345,2.63819,4
MB-5004,3.1520445,0.41767114,9.790968,3.2903695,4
MB-0579,2.1149333,0.58375156,10.521629,2.2851384,7
MB-4719,2.7468295,0.17289385,9.941504,1.6348137,8
MB-0442,2.1064842,1.1051624,11.798283,2.6433694,4
MB-4339,3.2332098,0.18207942,9.558215,2.8273919,8
MB-7287,2.4441843,1.0266081,10.186017,2.0182836,5
MB-5566,3.1076095,1.46964,11.121873,3.0748556,10
MB-0154,2.1501875,0.6995344,11.532298,2.5492496,4
MB-4942,2.7939413,1.8297924,11.224685,3.2611396,10
MB-7104,2.695589,1.7311324,11.158103,2.9616218,6
MB-6068,3.0481625,1.4407378,11.350588,2.8452222,4
MB-6181,3.0459604,0.3560122,9.823495,1.80492,8
MB-7151,3.2853415,1.6051506,10.908069,2.661449,10
MB-5553,2.007399,0.49657774,10.698556,2.439891,2
MB-4059,2.530313,0.8075396,10.850213,2.8526406,3
MB-0488,2.4154963,0.9041377,11.597902,2.7417345,4
MB-0054,2.4591172,1.2592934,11.338331,0.7603063,10
MB-6053,2.452414,0.57890403,10.170733,2.40319,1
MB-0592,1.9561944,-0.09895293,10.500752,1.6217569,8
MB-7086,2.0088809,1.1745752,10.35728,1.8012938,9
MB-6012,3.2991667,0.1999733,9.509648,2.987683,8
MB-0524,2.0812616,1.1304957,11.5222645,2.4788153,4
MB-4853,3.0078998,0.3281012,10.123061,2.0716264,8
MB-5043,2.9862294,0.36347294,10.18553,2.2195756,8
MB-6131,2.943835,0.894228,10.342001,2.8535824,5
MB-6029,2.2267194,0.6574359,9.814244,2.8994184,7
MB-7012,3.1560311,1.6630776,11.057284,3.0349143,10
MB-6192,2.0007787,1.0254084,10.358927,2.6040971,6
MB-0184,1.7596773,-0.20187536,10.711101,1.7623574,4
MB-4173,2.3237646,0.16490445,9.936574,2.767536,7
MB-0539,2.5052192,1.6369287,11.163552,2.646634,5
MB-5088,3.0775006,0.34859568,9.762655,2.3468251,8
MB-0576,2.5946734,1.1508374,10.231781,1.9775978,2
MB-5188,2.873199,1.798433,10.890701,2.8112228,10
MB-7297,1.9013462,1.2110841,10.392463,1.782663,1
MB-3429,2.39256,0.8642155,11.573506,2.287515,4
MB-0570,1.8189082,0.6304772,10.306306,2.0016086,6
MB-4878,2.6388862,0.56575584,10.326004,2.8768964,5
MB-4739,2.4969478,0.70552135,10.271144,2.0045462,3
MB-5497,1.9920594,1.0286831,10.01887,2.1239448,1
MB-5201,2.4652958,0.07061718,10.041974,2.0178041,8
MB-6238,2.0995169,0.81102395,10.19647,2.4894924,7
MB-0333,2.3461237,1.6943318,11.667078,2.757992,10
MB-5299,2.9789643,1.2486368,10.709767,3.1098578,10
MB-3016,2.6357057,0.712676,10.603725,1.2573496,2
MB-5432,1.8270376,0.8264722,10.013803,2.729186,7
MB-4865,2.6178823,1.7651296,11.297594,2.6402423,10
MB-3057,3.1732688,1.8128918,11.455309,2.5037658,10
MB-7049,2.353161,0.5226089,11.307818,2.8118863,4
MB-0170,2.3049645,0.7438709,11.093803,2.2543437,3
MB-5053,2.583859,0.2886796,10.314414,2.5453749,3
MB-2927,2.45983,1.0622061,10.473111,1.501392,1
MB-6308,2.6978831,0.37193024,10.113738,2.770775,8
MB-0540,2.4298317,1.712007,11.404636,3.3972876,4
MB-0299,2.5513813,1.6615633,11.045301,2.4698398,10
MB-4928,2.3973703,1.2507286,11.0694475,2.697484,5
MB-0210,2.207777,1.7521117,12.124193,2.7762825,4
MB-0115,3.117688,1.7798475,11.080525,2.9045224,10
MB-5239,2.143182,0.53884006,10.063329,2.3202388,9
MB-5144,2.6502984,0.66959494,9.687534,2.191802,9
MB-3382,2.5438473,1.2846948,10.588865,1.5411212,5
MB-0228,2.1256313,0.64378566,11.497235,2.6512437,4
MB-0068,2.4371598,1.1059529,11.355419,0.97051746,3
MB-0028,2.1746588,1.013956,9.872365,1.9923942,9
MB-2753,3.089628,1.7141838,11.012263,2.5151622,10
MB-5459,2.7348318,0.764796,10.698385,1.9422396,5
MB-4974,3.0634346,1.6748145,11.157714,3.1549616,10
MB-0400,2.6502218,1.8070717,11.141104,2.355896,10
MB-5651,3.0333188,1.2198378,10.943408,2.9893274,3
MB-7163,2.6072683,0.6603204,10.653382,2.5184996,3
MB-5346,3.2092981,1.8926884,11.069539,2.7275698,10
MB-4233,2.2101755,0.8736467,9.828272,2.7607636,9
MB-0389,2.296124,1.2709323,10.581224,1.4262344,2
MB-4752,1.918425,0.30826068,10.586534,2.621524,6
MB-6328,2.0581045,0.49291897,9.906224,2.4346344,2
MB-0109,1.7670212,1.1830245,10.3725815,2.3992035,9
MB-0876,2.2566395,1.5109076,11.856679,2.7953792,4
MB-5266,2.308407,0.908183,9.771683,2.7796893,1
MB-3852,2.5097249,1.3841239,10.745107,2.4875946,4
MB-2904,2.9457927,1.5659773,11.423042,2.5442553,10
MB-5514,1.9113326,-0.31723073,10.796646,2.1203666,4
MB-7227,2.8626854,0.4011426,10.792337,2.0831552,3
MB-7138,2.3310094,0.15066087,10.21301,1.5048262,8
MB-5171,2.4235888,0.69637644,11.149006,3.0972264,4
MB-7107,2.8375657,0.21390352,10.21858,1.6766404,8
MB-4395,3.1917577,0.306417,9.38044,2.9695365,1
MB-5147,2.643965,0.91441625,10.423991,2.2225983,5
MB-5225,3.169614,1.7012954,11.021545,2.995798,10
MB-7053,2.3449528,0.43321612,11.125414,1.9774126,4
MB-5068,2.001989,-0.3266611,10.693423,2.2185013,4
MB-6284,1.824657,0.92934114,10.345958,2.589301,9
MB-0427,1.9280937,1.4350781,10.318759,2.21182,7
MB-5209,2.7641692,1.4587514,10.707079,3.429449,4
MB-3058,2.79545,1.3156741,11.429046,2.2745757,4
MB-0449,2.0778394,0.7454982,10.658318,1.7414968,3
MB-5551,3.1148293,1.3844336,11.16128,2.9397597,10
MB-0108,2.4822233,1.2117398,11.410097,0.7892942,4
MB-2971,2.7532945,0.9081081,11.327666,1.6808481,3
MB-0117,2.4868858,0.52487475,10.534599,2.517496,1
MB-5560,3.3187997,1.557435,10.994482,2.6433008,10
MB-7041,2.121155,0.9623995,10.84331,1.8523288,3
MB-0126,2.1059706,0.3300944,10.385145,1.4302976,8
MB-5623,2.8743281,0.6075475,10.394861,2.1805182,3
MB-2801,2.6433012,0.8102271,10.774423,1.453586,2
MB-3402,2.3435574,1.1445,10.276785,1.795789,1
MB-4079,3.203335,0.3486553,9.572346,3.2524607,7
MB-4959,2.670809,0.29772016,10.29487,2.7693186,3
MB-0593,2.2179756,0.9725234,11.231978,2.2834494,5
MB-0495,2.1824586,1.1977164,11.588643,2.383591,4
MB-0393,2.3645444,1.4342676,10.697946,2.5091462,2
MB-4348,2.8030963,0.7040157,10.042362,2.6380155,5
MB-5150,1.9413377,-0.25493625,10.674332,2.2194908,4
MB-5039,2.7561038,0.38909644,9.691581,2.2498546,1
MB-6016,2.0100236,-0.25332567,10.806605,2.1935213,4
MB-0145,2.3488226,0.34637254,11.192399,2.5893764,3
MB-5645,1.8294319,0.57775587,10.265938,2.2429235,7
MB-0664,3.2174573,1.6406617,11.087886,2.981823,10
MB-5486,2.2670827,0.26169854,10.270449,2.3318648,9
MB-2556,2.4406343,1.037878,11.71056,2.4091713,4
MB-5338,2.6265059,1.0884745,10.209456,2.6727533,1
MB-2996,2.0850334,0.6721203,11.02237,1.6825491,7
MB-4593,3.228978,0.18661723,9.586876,2.6677353,8
MB-0140,2.075749,0.5003188,10.270057,1.7323629,8
MB-0405,2.012025,0.40687057,10.043399,1.7709166,7
MB-7096,2.6876352,0.42767534,10.73636,2.4452753,3
MB-0185,1.8076206,1.3837991,10.636604,2.216382,9
MB-5429,2.0458403,0.08469509,10.597974,2.367871,4
MB-2917,3.1674402,1.6861092,11.3789625,2.3716624,10
MB-4148,3.0026574,0.7360406,9.901992,2.7067828,9
MB-0388,2.8942358,0.9459997,10.401148,2.6440518,1
MB-5035,2.4912434,0.9029033,10.510096,2.320843,3
MB-7186,1.6930432,0.89381224,10.018412,2.6058009,7
MB-6224,2.350093,1.6135584,10.893129,3.094284,5
MB-4794,1.8414127,0.46906847,10.041479,2.4189572,7
MB-5572,2.705212,1.8719108,11.253796,3.2072735,10
MB-5364,3.120284,0.5708273,10.374576,2.506052,3
MB-0226,2.738525,0.7369961,10.421156,1.3372014,8
MB-5195,2.7229393,1.1661084,10.189439,2.4500105,5
MB-4712,2.2929766,0.8241532,10.79146,3.030787,9
MB-4548,3.1981928,0.49781832,9.7204275,3.444195,4
MB-5636,2.8011467,0.81429607,9.650611,2.393234,9
MB-4744,3.0206723,0.23305018,9.703421,2.1855707,8
MB-3329,2.6725714,1.1201727,10.514705,1.3976946,5
MB-0541,1.7157443,1.150182,10.277571,2.1802719,9
MB-4648,2.9605303,0.7504992,9.852641,1.9470922,1
MB-6118,2.9581265,0.96823174,10.270772,2.4938428,3
MB-6114,3.1616042,0.83612496,10.217967,2.7473526,5
MB-0286,2.1556408,1.2460029,11.65038,2.427092,4
MB-6358,2.656746,0.890081,10.419601,2.5796335,5
MB-7258,3.0097365,1.005708,10.909,2.5289176,10
MB-0180,2.1569624,0.51046765,10.158907,2.102278,8
MB-0158,2.2615857,1.6349566,10.978651,2.6220145,10
MB-0895,2.138701,1.2889934,10.484234,1.5357172,5
MB-2919,2.3600166,0.49497995,10.368063,1.3259872,8
MB-7093,2.5210607,0.32700327,10.922412,2.0069544,3
MB-4692,3.0674937,0.17666069,9.559647,3.0436516,8
MB-6217,2.4366844,0.69466484,9.901545,2.3460333,9
MB-3222,2.1552863,0.890556,11.185134,1.7549574,7
MB-5270,2.6206372,0.35734868,9.812369,1.9232334,8
MB-5332,2.5163183,0.8701729,10.412582,3.1506412,5
MB-6232,2.1358047,0.6252044,10.407863,1.8121622,3
MB-7174,2.3335252,1.3643551,10.515073,2.7026064,6
MB-0577,1.8867912,0.73787,10.5998,1.8788668,7
MB-4866,2.3139064,0.26385784,10.385681,2.891805,4
MB-5173,3.1852164,1.7000374,11.062022,2.8437445,10
MB-0451,2.5785701,0.26222292,10.712556,2.2887194,8
MB-4154,2.6074903,1.499513,10.901634,3.3800766,4
MB-5013,2.4615169,0.07905338,9.918517,2.422906,3
MB-0467,2.6282294,1.268358,10.272578,1.4840561,5
MB-4236,3.0182946,0.506336,9.649323,3.3333185,9
MB-7212,2.4842103,0.2456776,10.649019,2.2466025,3
MB-3021,2.7322464,0.45546743,10.667383,1.6723589,8
MB-3064,2.4282796,0.8710711,11.269033,2.3716955,4
MB-3389,1.9706143,1.0108824,9.963722,2.3570325,6
MB-0079,2.4754767,1.2246188,11.376835,1.0303086,10
MB-4679,3.0550046,1.5975921,10.771587,3.336541,10
MB-5182,2.447901,0.16709019,10.134178,2.4970658,3
MB-0225,1.717994,1.0223051,10.092243,2.2663388,1
MB-0484,1.8732524,1.0565475,10.841753,2.4833548,6
MB-5473,2.8258984,0.37524626,10.299693,2.1093242,3
MB-5413,2.4572861,0.49775466,10.218013,2.9739645,7
MB-2745,2.7498393,0.6162332,10.209966,1.4894329,8
MB-2769,1.9956836,0.76665896,10.7805,1.7852997,7
MB-4785,3.1285765,0.315182,9.766579,2.6768637,8
MB-2912,3.1034958,1.7359619,11.432277,2.4789283,10
MB-4695,2.6447413,0.28860068,10.844441,2.7976484,4
MB-7291,2.412144,1.8313632,10.990989,2.719278,1
MB-0385,1.7815688,1.1867589,10.132188,2.1594076,9
MB-0508,2.4834778,0.7275437,10.763884,2.2043135,2
MB-0142,1.917591,0.33491418,10.509843,2.0950239,1
MB-5478,2.8363454,0.86015886,10.66346,1.8898029,3
MB-0293,2.2145529,1.2090384,11.743785,2.7387648,4
MB-6280,3.152579,1.8135159,11.209333,2.6524014,10
MB-0620,2.1606274,0.7565801,11.708029,2.7969048,4
MB-0609,2.2774906,0.7583235,10.308495,2.2818675,8
MB-7266,2.3025496,0.11832456,10.553015,2.343597,9
MB-6023,2.426301,0.34604627,10.10481,1.979352,8
MB-7010,1.9135551,0.24859151,10.4164,2.0955272,7
MB-6116,2.4213808,1.5153277,10.658772,2.6567512,5
MB-0492,2.0954673,0.18524964,10.382989,1.4385161,8
MB-6020,2.3443248,0.82496256,10.647277,2.7197742,1
MB-7198,2.5703726,0.8117362,10.970161,2.1312065,6
MB-0502,2.21781,1.7597915,12.068197,2.7997222,4
MB-0302,2.3825266,1.1560403,10.942346,1.7789466,3
MB-4706,2.4739141,0.4180729,10.473386,2.7604828,3
MB-4745,2.46371,1.4248679,10.888109,2.9610918,5
MB-4622,2.995921,1.6128905,11.261235,3.0388272,10
MB-0644,2.0692728,1.4851339,11.599168,2.5219932,4
MB-0275,1.9755125,1.2200649,11.480413,2.2516842,4
MB-5614,2.8186507,0.87146467,10.774416,2.5461402,9
MB-0394,1.7221524,0.8446887,10.791451,2.1508498,2
MB-5565,2.814172,1.9464607,11.283328,2.9568295,10
MB-4805,2.2182965,0.45189264,10.1516695,2.2956939,7
MB-0414,2.842806,1.9541233,11.2131405,2.925372,10
MB-5177,2.5320544,1.6879536,11.149147,3.480728,4
MB-5604,1.9127522,0.91228616,9.932292,2.3633897,1
MB-3014,3.16744,1.649712,11.42975,2.3779902,1
MB-4599,3.2499366,0.17202379,9.5167675,2.777608,8
MB-7017,3.018175,1.6791219,11.432933,2.461995,10
MB-0398,2.557829,1.205063,10.831535,2.2911863,6
MB-5001,2.0584557,0.4090593,10.451053,2.4207711,4
MB-5585,2.7138395,0.60835135,10.597096,2.1320307,8
MB-5492,3.0137577,0.5396139,10.402902,2.1374547,3
MB-7167,2.833273,0.5285185,10.135942,1.4810354,8
MB-5292,2.64071,1.088625,9.976298,2.1059709,5
MB-5543,2.6991355,0.76805097,10.398477,2.0439463,3
MB-0536,1.8338721,1.3901876,10.584826,2.293119,1
MB-7277,2.7688754,0.4494377,10.489541,1.4131174,8
MB-3341,2.8193967,0.8441364,10.654273,1.4673892,8
MB-4341,2.712597,0.8820628,10.439143,2.8228345,5
MB-7073,2.8203866,1.1118708,11.067026,2.2290351,5
MB-4731,2.424783,1.5263007,10.720409,2.6293192,5
MB-4324,3.0386717,0.32879758,9.738319,2.9457865,6
MB-0580,2.01983,1.4197754,10.821732,2.544534,4
MB-3606,2.9318802,1.0613244,11.394221,2.0905275,5
MB-0114,2.857436,0.4255372,10.023808,1.618807,8
MB-4911,3.1667635,1.9046834,11.059658,2.831763,10
MB-7273,2.314187,1.7202834,10.897185,2.7350156,5
MB-4306,2.6563416,0.12561259,10.162424,2.5522637,3
MB-4738,2.212696,0.45835608,11.152,2.7993364,3
MB-7193,2.3541617,0.9033579,10.934161,1.8061348,6
MB-7132,1.8832409,0.27733535,10.591202,1.8591253,7
MB-2847,3.0018663,0.71813685,10.883419,1.8152288,5
MB-2718,3.0284722,1.8141891,11.421584,2.668424,10
MB-0328,2.6868365,0.9793558,9.913233,1.936122,9
MB-5552,2.9131694,0.9095943,10.28783,2.677897,6
MB-0606,1.995154,0.21949592,10.413608,1.6288602,3
MB-5298,3.0697105,1.8203236,11.040722,3.0646493,10
MB-4733,2.72436,1.6744497,10.9343195,3.17706,4
MB-5322,2.388453,0.44773793,10.173526,2.2500217,2
MB-7263,1.8511825,0.67356724,9.880452,2.5790286,9
MB-0148,2.2845736,1.7981762,11.152971,2.6504524,5
MB-4343,3.1121924,0.46614555,9.846157,3.4053972,4
MB-4350,3.243291,0.40776506,9.612885,3.3144715,5
MB-5228,2.217159,0.7210607,9.90469,2.6178644,7
MB-5465,2.7940845,1.27339,11.221956,2.015816,10
MB-7208,2.536959,1.2733059,10.701539,2.9371777,10
MB-3536,2.732935,0.8691277,11.126261,1.550319,5
MB-3277,3.2082198,1.7586429,11.253505,2.58004,1
MB-5345,2.5202258,0.4985093,10.929468,2.9130845,4
MB-5535,2.9331367,1.0152346,10.626863,3.0854506,5
MB-5475,1.8973436,0.25145254,10.298213,2.312478,2
MB-7111,2.7200062,1.3842638,11.248187,2.5051098,1
MB-0497,1.7299397,0.7057107,10.788931,2.4622464,4
MB-4634,2.5814157,0.27868056,10.401073,2.7488296,3
MB-0107,2.4882278,1.1925219,11.165483,0.9760818,1
MB-0390,2.3270416,1.6448815,11.394077,2.8042583,5
MB-3085,2.3350556,0.8683847,11.525221,2.4375567,4
MB-2686,2.3286836,1.6465381,10.689473,1.9458289,1
MB-0630,2.1344843,0.7145522,10.376153,2.0748444,1
MB-0280,2.1755815,0.18227796,10.48549,2.4239414,7
MB-2629,2.2776418,0.4680892,10.6514435,1.4155263,3
MB-2851,2.7053425,0.8370648,11.436108,1.8051844,4
MB-5624,3.1247413,1.1759413,10.827455,2.8151743,10
MB-0121,2.577687,0.7863127,10.146692,1.3624969,8
MB-0192,2.3682435,1.678835,11.289288,3.1631312,4
MB-5206,2.0508194,0.34666955,10.88077,2.6939673,2
MB-0307,2.1080115,1.378534,10.782417,2.3153262,5
MB-0350,3.0070128,1.5342672,11.119396,2.6838768,10
MB-3063,2.8531995,1.8267175,11.07713,2.4043708,10
MB-0352,2.210312,1.6997001,11.33026,2.6882586,4
MB-5349,2.105341,0.011350282,10.517023,2.3698761,4
MB-4694,3.2768273,1.6430999,10.760361,2.89407,10
MB-0155,2.23188,1.1035177,11.668671,2.6898458,4
MB-2758,2.7146974,1.447601,11.409502,2.502891,4
MB-7002,2.2780476,0.55284405,10.756968,2.4680963,4
MB-6101,2.7431471,0.6514785,10.01278,2.1776009,7
MB-0667,2.2501192,1.4137726,10.643445,1.7072864,1
MB-4139,2.477031,0.32785812,9.765493,2.052386,8
MB-2632,2.6280205,1.30383,11.255659,2.0214913,5
MB-0500,3.1384852,1.7744678,11.257369,2.777949,10
MB-0460,2.1170316,1.2174563,11.684185,2.6512985,4
MB-5123,1.8472856,1.0472052,10.449422,2.520663,7
MB-5499,2.3101246,0.48788536,10.983114,2.5121107,4
MB-2772,2.407562,1.2174612,11.247759,1.6909348,6
MB-0517,1.5958843,1.0011294,10.521436,2.4812465,9
MB-4033,2.5874534,0.9088523,10.824363,2.8148575,4
MB-4904,2.5204375,1.6026477,11.126579,3.1846771,5
MB-0045,2.4350305,1.607563,11.504806,3.031229,4
MB-5531,3.0205112,1.7124419,11.239251,2.9361777,10
MB-5495,2.7200885,0.72019523,10.617295,2.4399567,4
MB-5378,3.061331,1.816286,10.9881,2.8383915,10
MB-4800,2.9886785,0.669908,9.884632,1.8179247,6
MB-2513,2.666449,1.1059488,11.334679,1.7977761,5
MB-4671,2.9980028,0.32892564,9.603234,2.7349977,2
MB-5229,2.894244,1.0433594,10.09249,2.1363857,5
MB-5101,2.0602899,0.6883574,10.107833,2.3187988,6
MB-3379,2.701714,0.98446053,10.509047,1.6214648,5
MB-4697,2.759701,0.2374219,10.494492,2.6231887,3
MB-7029,2.2233336,0.8374362,11.000087,2.3897896,4
MB-0901,3.020792,1.9480861,10.91138,2.5266678,10
MB-7142,2.173399,0.56952065,9.962777,2.8527625,2
MB-0059,2.0067394,1.1257284,10.380237,1.640252,8
MB-6059,2.0386453,1.0626814,10.631304,2.543293,7
MB-4098,3.059318,0.18294385,9.538682,3.2231836,7
MB-7241,1.9632174,0.4522889,10.435775,2.1129363,7
MB-4762,2.1547725,0.6529939,10.026627,2.8966084,7
MB-6228,2.546344,1.7008895,11.285053,2.9689362,4
